,Artist,Album
0,Devon Gilfillian,Truth EP
1,Masta Ace & Marco Polo,A Breukelen Story
2,Nylon Smile,Angel of Doubt
3,Maggie Rogers,Heard it in a Past Life
4,Sneaks,Highway Hypnosis
5,Sharon Van Etten,Remind Me Tomorrow
6,Mike Krol,Power Chords
7,Angelo de Augustine,Tomb
8,Olga Solar,Antilullaby
9,Pedro The Lion,Phoenix
10,Cosmico,Overthinker Know It All
11,MindMassage,Shivers
12,Roving Reporter,Joie de Vivre
13,Buke and Gase,Scholars
14,500 Miles to Memphis,Blessed be the Damned
15,Mallsex,Discreet Sevices
16,Mallsex,Discreet Services
17,Toro y Moi,Outer Peace
18,Those Damn Eyes,Too Far to Turn Back Now
19,Polarizado,It Aint Real… But Its True
20,Down Dirty Shake,Down Dirty Shake
21,Cub Sport,Cub Sport
22,Night Beats,Myth of a Man
23,Terry Ohms,Terryfirma
24,Tallies,Tallies
25,Juliana Hatfield,Weird
26,Praises ,In This Year: Ten of Swords
27,Fahrenheist,Albatross
28,Andrew Friedberg,Thank God For Rock Bottom
29,Royal Canoe,Waver
30,Self-Evident,Lost Inside the Machinery
31,Liz Brasher,Painted Image
32,Lena Elizabeth,Get It Right
33,Exdreams,Physical Contact
34,Deerhunter,Why Hasn't EverythingAlready Disappeared?
35,Steve Gunn,The Unseen In Between
36,Harriet Brown,Mall of Fortune
37,Rat Boy,Internationally Unknown
38,Tunic,Complexion
39,Knuckle Pups,San Panino
40,Guster,Look Alive
41,Punch The Sun,Magic & Mistakes
42,Sons of Raphael,A Nation of Bloodsuckers
43,Rosie Carney,Bare
44,Sam Valdez,Mirage
45,Weeknight,Dead Beat Creep
46,Emily King,Scenery
47,The Twilight  Sad,It Won/t Be Like This All The Time
48,The Twilight Sad,It Won/t Be Like This All The Time
49,Guided by Voices,Zeppelin Over China
50,The Old Firm Casuals,Holgar Danske
51,Mozes and the Firstborn,Dadcore
52,Alexander & The Nobles,The Night's Too Long
53,Lily & Madeleine,Canterbury Girls
54,Mattiel,Customer Copy EP
55,Sydney Wright,Seiche
56,You Tell Me,You Tell Me
57,French for Rabbits,The Weight of Melted Snow
58,Young the Giant,Mirror Master
59,GOOD.,This Is for You
60,dodie,Human
61,The Silver Snails,The 7 Melodies
62,A Fragile Tomorrow,Generation Loss
63,Baby Bulldog,Baby Bulldog
64,The Exbats,E is for Exbats
65,Chrome Sparks,Be On Fire
66,iLLism,iLLuminate
67,Canary,I Am Lion
68,Charlene Soraia ,Where's My Tribe
69,James Blake,Assume Form
70,It's For Us,Stay
71,LIP TALK,D  A  Y  S
72,Julia Holter,Aviary
73,Girlpool,What Chaos is Imaginary
74,Jay Cue,Don't Pick Sides
75,Malibu Ken,Malibu Ken
76,Wunderkap,Silver Linings
77,Beirut,Gallipoli
78,Prateek Kuhad,Cold / Mess
79,Abjects,Never Give Up
80,Anemone,Beat My Distance
81,Only Yours,Overrun
82,Madame Gandhi,Bad Habits
83,LIP,Glass House
84,Cherry Glazerr,Stuffed & Ready
85,Applesauce Tears,Wooly
86,Deer Tick,Mayonnaise
87,Perfect Son,Cast
88,Fish Tank,Shadows EP
89,SMUG,Gorgeous
90,Alex Lilly,2% Milk
91,Panda Bear,Buoys
92,Nikki & The Phantom Callers,"What The Daughter Does, The Mother Did"
93,Y La Bamba,Mujeres
94,Tender,Fear of Falling Asleep
95,Sticky Fingers,Yours To Keep
96,Elena Setien,Another Kind of Revolution
97,Grandchildren,Grandchildren
98,Dawn Richard (DAWN),new breed
99,Celia Palli,Technicolours
100,Dave Harrington Group,"Pure Imagination, No Country"
101,Thunderpaw,The Land of Forbidden Knowledge
102,Mariya May,Mariya May
103,Go Fever,Daydream Hawker
104,Mercury Rev,The Delta Sweete Revisited
105,Hellogoodbye,S'Only Natural
106,The Dip,The Dip Delivers
107,Ella Vos,Watch & Wait
108,Chasms,The Mirage
109,Curt Castle,If I'm Here At All
110,Holiday,Holiday
111,Entracte Twist,Entracte Twist
112,Antonioni,The Odds Were All Beating Me
113,Hajk,Drama
114,BUGS,Social Slump
115,Elder Island,The Omnitone Collection
116,Summer Rental,Studio C - Summer Rental
117,Homeshake,Helium
118,Pablo Dylan,The Finest Somersault
119,Nov3l,Novel
120,Ladytron,Ladytron
121,Polo & Pan,Caravelle
122,Leyla McCalla,The Capitalist Blues
123,Balthazar,Fever
124,Unloved,Heartbreak
125,Cyclone Static,From Scratch
126,Bedstudy,dot wave
127,Herzog,Me Vs. You
128,Tedeschi Trucks Band,Signs
129,Stuck In The Sound,Billy Believe
130,The Demos,If You Only Knew
131,Rustin Man,Drift Code
132,Piroshka,Brickbat
133,Primal Static,The Corrupting of the Revolution
134,Criminal Hygiene,Run It Again
135,Chain Wallet,No Ritual
136,Henry Jamison,Gloria Duplex
137,Emilie Kahn,Outro
138,La Houle,Premiere Vague
139,Cass Mccombs,Tip Of The Sphere
140,Harlem,Oh Boy
141,Hugh Coltman,Who's Happy?
142,Lenny Lashley's Gang of One,All Are Welcome
143,The Gillum Bros,Mooshie Music
144,HEALTH,Volume 4: Slaves of Fear
145,Leem of Earth,Chapter Two
146,The Lemonheads,Varshons 2
147,CECI,Vortex
148,White Lies,Five
149,Pamela Mendez,Time
150,The Specials,Encore
151,Sugaray Rayford,Somebody Save Me
152,Sir Babygirl,Crush On Me
153,Deep State,The Path to Fast Oblivion
154,Luther Russell,Medium Cool
155,Susto,Ever Since I Lost My Mind
156,Blumoon,Slow Burn
157,The Cuckoo Bees,Weeping Willow
158,The Wheel Workers,Post-Truth
159,Daniel Francis Doyle & The Dreams,Unrecognizable
160,Moony Matelot,Tempest
161,Frankie And The Witch Fingers,ZAM
162,Quin Galavis,Victim/Nonvictim pt.1
163,Julia Jacklin,Crushing
164,Better Oblivion Community Center,Better Oblivion Community Center
165,Methyl Ethel,Triage
166,And The Kids,When This Life Is Over
167,Baby FuzZ,Plastic Paradise
168,Jessica Pratt,Quiet Signs
169,The Desert,Winning You Back
170,Hand Habits,Placeholder
171,AKUA,Them Spirits
172,TEEN,Good Fruit
173,Primer,Novelty
174,Benny Sings,City Pop
175,Martin Frawley,Undone at 31
176,Citizen Cope,Heroin And Helicopters
177,King Ropes,Green Wolverine
178,The Deer,Studio C - The Deer
179,Nick Waterhouse,Nick Waterhouse
180,Nicola Cruz,Siku
181,Moving Panoramas,In Two
182,The Dates,Ask Again Later
183,Fever High,Avec You
184,Bad Bad Hats,Lightning Round
185,Low Life,Downer Edition
186,Aaron Taos,Birthday Boy
187,Sasami,SASAMI
188,FEELS,Post Earth
189,Liily,I Can Fool Anyone In This Town
190,The Coathangers,The Devil You Know
191,Delicate Steve,Till I Burn Up
192,Oliver West,Weather Me
193,Mike Edel,Thresholds
194,Ritual Howls,Rendered Armor
195,Stella Donnelly,Beware of the Dogs
196,The Blank Tapes,Candy
197,Dirty Fuss,American Animals
198,Manics,Binary EP
199,Louis Futon,Way Back When
200,The Oles,Rise
201,Cypress And Russle,On Dying
202,Andrew Bird,My Finest Work Yet
203,Winded City,I'm Still Here
204,RY X,Unfurl
205,Ivey,Take this To Heart
206,Future Punx,The World is a Mess
207,Alabama Deathwalk,Studio C - Alabama Deathwalk
208,SP_ACES,SP_ACES
209,Kiss the Tiger,Let Me Bleed
210,Helado Negro,This is How You Smile
211,Rocky Dawuni,Beats of Zion
212,Haulm,Posture
213,Wild Pink,5 Songs
214,Scott Gilmore,Two Roomed Motel
215,NANCY,Mysterious Visions
216,SPELLING,Mazy Fly
217,Siobhan Heard,Heart BeatsVol. 1
218,Rare Bloom,Better Days
219,Maverick Sabre,When I Wake Up
220,Apparat,LP5
221,Charlie Belle,Like I Love This
222,The Black Drumset,Charged
223,Michelle Blades,Visitor
224,Blessed,Salt
225,Weyes Blood,Titanic Rising
226,Du Blonde,Lung Bread For Daddy
227,Nilufer Yanya,Miss Universe
228,La Dispute,Panorama
229,CHAI,PUNK
230,Winter Fires,Studio C - Winter Fires
231,Angel Dust,Pretty Buff
232,The Bobbleheads,Myths And Fables
233,Durand Jones & The Indications,American Love Call
234,Living Hour,Softer Faces
235,No Win,Downey
236,Joy Guerilla,Skyline
237,Adia Victoria,Silences
238,Hollywood Horses,Funny Sexy Cool
239,Grupo Fantasma,American Music vol.VII
240,Wolf City Radio,Take the Remains
241,Wild Belle,Everybody One of a Kind
242,American Football,American Football
243,Bad Sounds,Get Better
244,Munya,Meet
245,Rose fo the West,Rose of the West
246,Native Harrow,Happier Now
247,Jonathan Personne ,Histoire Naturelle
248,American Football,American Football (LP 3)
249,Charlie Christmas,Weird Old Man
250,Cinematic Orchestra,To Believe
251,La Fille,Alright Already
252,Lake Minnetonka,Melbourneapolis
253,Garcia Peoples,Natural Facts
254,Sego,Sego Sucks
255,Sonny and The Sunsets,Hairdressers From Heaven
256,I DON’T KNOW HOW THEY FOUND ME,1981 Extended Play
257,Lauren Lakis,Sad Girl Breakfast
258,Brass Box,The Cathedral
259,Ceschi,"Sad, Fat, Luck"
260,Keith Cooper ,Rabid Underdogs
261,Sugar Snow,Woodface Reimagine
262,DoubleVee,Songs For Birds And Bats
263,Small Feet,With Psychic Powers
264,Joy Guerrilla,E.N.O
265,Tyler Ramsey,For the Morning
266,Faux Ferocious,Pretty Groovy
267,Teenage Bottlerocket,Stay Rad!
268,These New Puritans,Inside the Rose
269,SONTALK,Stay Wild
270,L'Imperatrice,Matahari
271,Chris Cohen,Chris Cohen
272,Karen O and Danger Mouse,Lux Prima
273,Lee Fields & The Expressions,It Rains Love
274,Taali,I Am Here
275,Lucy Rose,No Words Left
276,Radical Face,Therapy
277,Giuda,E.V.A
278,Ozwald,Sweet Delirium
279,Lucille Furs,Another Land
280,Cayucas,Real Life
281,Norah Jones,Begin Again
282,Ghost Feather,Like The Sea
283,Daniel Norgren,Wooh Dang
284,Imperial Highway,Imperial Highway
285,The Murlocks,Manic Candid Episode
286,Lady Lamb,Even in the Tremor
287,Starflyer 59,Young in my Head
288,Kompromat,Traum Und Existenz
289,The Drums ,Brutalism
290,Earthquake Lights,Distress Signals
291,Baby Boys,I'm Set
292,John Vanderslice,The Cedars
293,Kim Gray,Plastic Memory
294,Glen Hansard,This Wild Willing
295,Fontaines DC,Dogrel
296,Adam Ostrar,The Worried Coat
297,Broken Social Scene,Let's Try The After Vol 1&2
298,ASHRR,Oscillator
299,Restless Minds,Atlantic
300,Parekh and Singh,Science City
301,Grace Ives,2nd
302,Field Medic,Fade Into Dawn
303,Nanami Ozone,NO
304,Cartwheel,Best Days
305,Dirt Buyer,Dirt Buyer
306,FOAMMM,FOAMMM
307,Jackie Mendoza,LuvHz
308,Death and Vanilla,Are You A Dreamer?
309,Joe Con,Lightwork
310,Sky Orchid,Paradise In Limbo Pt.1
311,Karyyn,The Quanta Series
312,Peter More,Shoulder
313,Cochema,All My Relations
314,Lemaitre,Fast Lovers
315,Radiant Baby,Restless
316,Tidus,Plus Sign
317,Wallows,Nothing Happens
318,The Saint Machine,Closer
319,Weird Omen,Surrealistic Feast
320,The Tough Shits,Burning in Paradise
321,POND,Tasmania
322,Bibio,Ribbons
323,Bells Atlas,The Mystic
324,Toth,Practice Magic And Seek Professional Help when Necessary
325,Club Night,What Life
326,Pixel Grip,Heavy Handed
327,Cosmonauts,Star 69
328,Tacocat,This Mess Is A Place
329,RGD,Million Reasons
330,Pink Mexico,Dump
331,The Foreign Resort,Outnumbered
332,Siskiyou,Not Somewhere
333,L7,Scatter The Rats
334,Kevin Garrett,Hoax
335,Ronnie Rogers,Denim Jacket Weather
336,Harrison Lemke,Thy Tender Care
337,King Gizzard and the Lizard Wizard,Fishing for Fishies
338,Reptaliens,Valis
339,Mickey Darling,Mickey Darling
340,Drugdealer,Raw Honey
341,Justus Proffit,L.A.'s Got Me Down
342,Money for Rope,Picture Us
343,Bleu Nuit,Le Jardin Des Memoires
344,Jesse Mac Cormack,Now
345,Kedr Livanskiy,Your Need
346,Fanclub,All The Same
347,Jetty Bones,hyphen
348,Little Simz,GREY Area
349,Easy Life,Spaceships
350,The Resonars,No Exit
351,Phalo Pantoja and Moemaw Naedon,Hard Head Mush Brain
352,Animals for Hands,Cocoon
353,White Denim,Side Effects
354,PUP,Morbid Stuff
355,Nana Adjoa,A Tale So Familiar
356,Mikal Cronin,Seeker
357,Tawiah,Starts Again
358,Devon Gilfillian,Black Hole Rainbow
359,Beck,Hyperspace
360,The Gonks,Five Things You Didn't Know About The Gonks
361,Matt Maltese,Krystal
362,Alexandra Savior,The Archer
363,Rubaiyat,Rubaiyat
364,of Montreal,Ur Fun
365,Nolan Potter's Nightmare Band,Nightmare Forever
366,Dead Horse One,The West Is The Best
367,Fran,A Private Picture
368,Ariel View,Until My lungs Are Cleared
369,Will Samson,Paralanguage
370,Maxime,Whatever Now Is Called
371,Milky Chance,Mind The Moon
372,Fascinations Grand Chorus,Presentations of Electrical Confectionery
373,Hayley Mary,"The Piss, The Perfume"
374,Dayglow,Fuzzybrain
375,The Jay Vons,The Word
376,Hotel Life,Had a few drinks… Smoked my mind
377,Waax,Big Grief
378,Beautiful Dudes,Radio
379,Longboat,Woke Up This Morning Variations
380,Nicolas Godin,Concrete and Glass
381,Twin Peaks,Lookout Low
382,Marinara,I Feel Like Dog
383,Green Buzzard,Amidst The Clutter & Mess
384,The Weeklings,3
385,Legal Vertigo,Tragic Future Film Star
386,Mr. Elevator,"Goodbye, Blue Sky"
387,Lord Sonny The Unifier,Final Notice!
388,Slotface,Sorry For the Late Reply
389,Cub Sport,333
390,Elliot Moss,A Change in Diet
391,Lapalux,Amnioverse
392,Alice Boman,Dream On
393,Okay Kaya,Watch This Liquid Pour Itself
394,…And You Will Know Us By the Trail of Dead,X: The Godless Void and Other Stories
395,Squirrel Flower,I Was Born Swimming
396,The Innocence Mission,See You Tomorrow
397,NOV,The Stride
398,Field Music,Making A New World
399,Loudness War,Mystifier Deluxe
400,Pictish Trail,Thumb World
401,Verite,New Skin
402,Dune Rats,Hurry Up and Wait
403,Biglemoi,Permanent Vacation
404,Jean Caffeine,Love. What is it?
405,Straight to VHS,Friend Music
406,Cameron Cook,Covering Tides
407,"Soil + ""Pimp"" Sessions",Galaxy Lady
408,Lake South,South Coast
409,Cousin Tony's Brand New Firebird,Best Face to London
410,Perpetual Groove,Perpetual Groove
411,Mo Troper,Natural Beauty
412,Saint Sebastian,Melancholy Breakdown
413,Georgia Fair,The World's Awake
414,Fiona Silver,Hostage of Love
415,Khruangbin & Leon Bridges,Texas Sun
416,Fat Tony & Taydex,Wake Up
417,Son Little,aloha
418,Sy Somebody,"Life is Cruel, Let's be Friends"
419,Cheerleader,Almost Forever
420,Post Animal,Forward Motion Godyssey
421,The Applesauce Tears,Wonders
422,The No. 44,Reflexive Repeater
423,Sotomayor,Origenes
424,Death Hags,Big Grey Sun #1
425,CLIFFFS,Panic Attack
426,The Mommyheads,The Mommyheads
427,Hollow Coves,Moments
428,Martha Wash,Love & Conflict
429,Destroyer,Have We Met
430,Bambara,Stray
431,Shmu,Pure Bliss
432,Kate Davis,Trophy
433,Oliver Spalding,Novemberism
434,Georgia ,Seeking Thrills
435,Fyohna,Fyohna
436,Flyway,The Whispers and The Whines
437,Louise Burns,Portraits
438,Deserta,Black Aura My Sun
439,Loving,If I Am Only My Thoughts
440,B. Hamilton,Nothing and Nowhere
441,Gengahr,Sanctuary
442,Boniface,Boniface
443,Glass Beach,The First Glass Beach Album
444,The Ballroom Thieves,Unlovely
445,Shopping,All Or Nothing
446,Say Hi,Diamonds & Donuts
447,Policia,When We Stay Alive
448,Golf Dolls,Die Trying
449,Lucy,Radio Edit
450,Best Coast,Always Tomorrow
451,Port Juvee,Motion Control
452,Agnes Obel,Myopia
453,Square Peg Round Hole,Branches
454,Awkward i,Impossible Junction
455,SixFoxWhisky,Naughty Air
456,Frazey Ford,U KIN BE THE SUN
457,Stormzy,Heavy is the Head
458,Flyjack,Soul Catcher
459,Phantom Phunk,Day By Day / Tongue Tied
460,Hello Forever,Whatever It Is
461,Dan Deacon,Mystic Familiar
462,Caroline Rose,Superstar
463,Scrunchies,Stunner
464,Yppah,Sunset in the Deep End
465,Jeff Parker,Suite for Max Brown
466,The Controversial New 'Skinny Pill',Pencils Down!
467,BREE,New Skin
468,Puss N Boots,Sister
469,Soccer Mommy,Color Theory
470,Transviolet,Born to Rule
471,Denzel Curry x Kenny Beats,Unlocked
472,Margaux,More Brilliant is the Hand that Throws the Coin
473,Swamp Dogg,Sorry You Couldn't Make It
474,Asgeir,Bury The Moon
475,Sandra Bouza,Falling Away from me
476,Beatific,The Sunshine EP
477,Elephant Stone,Hallow
478,Real Estate,The Main Thing
479,Disq,Collector
480,Jupe Jupe,Nightfall
481,Boy Romeo,Pure Soul
482,Greg Dulli,Random Desire
483,Franc Moody,Dream In Colour
484,Caribou,Suddenly
485,Spindrift,Classic Soundtracks Vol. 3
486,Native Station,Morningstar Drive
487,Black Books,Cheer Up
488,Overcoats,The Fight
489,Nallo,Nallo
490,Kristjan Eastman,Sigurlin
491,Koko Netz,I.T.T.I.P.
492,Jane Herships,The Home Record
493,James Supercave,M.O.W.O.
494,Porridge Radio,Every Bad
495,L.A. Takedown,Our Feeling of Natural High
496,Porches,Ricky Music
497,King Krule,Man Alive!
498,Kevin Krauter,Full Hand
499,Baseball Gregg,Calenders
500,Mija,Desert Trash
501,Erin Anne,Tough Love
502,Spinning Coin,Hyacinth
503,Vunabar,Either Light
504,The Cabin Fever,Alone Together
505,Jose James,No Beginning No End 2
506,Kellen of Troy,Vanity Project
507,NNAMDI,BRAT
508,Yves Tumor,Heaven To A Tourtured Mind
509,Sorry,925
510,Purity Ring,WOMB
511,Childish Gambino,3.15.20
512,Anna Calvi,Hunted
513,Girl Skin,Shade Is On The Other Side
514,Young Man In A Hurry,Jarvis
515,Tonne,Tonne
516,Peter Bjorn + John,Endless Dream
517,Diet Cig,Do You Wonder About Me?
518,Man Man,Dream Hunting In The Valley Of The In Between
519,TOPS,I Feel Alive
520,Dead Ghosts,Automatic Changer
521,Day Wave,Crush
522,Wilma Archer,A Western Circular
523,Sophia St. Helen,None The Wiser
524,Once And Future Bands,Deleted Scenes
525,Bugs ,Self Help
526,Wares,Survival
527,Ellis,Born Again
528,Eliza And The Delusionals,A State of Living in an Objective Reality
529,My Ugly Clementine,Vitamin C
530,CMON,Confusing Mix Of Nations
531,Jaguar Jonze,Diamonds & Liquid Gold
532,Peach Pit ,You and Your Friends
533,Moaning,Uneasy Laughter
534,Moaning ,Uneasy Laughter
535,Tame Impala,The Slow Rush
536,Saint Sister,Dynamite
537,Jordana ,Classical Notions of Happiness
538,Blevins,As I'm Fading Into You
539,BONUS,IIII
540,The Exbats,"Kicks, Hits, and Fits"
541,Fanfickk,Skull Pocket
542,WHOOP-Szo,Warrior Down
543,CHAI,No More Cake
544,ARTHUR,Hair of the Dog
545,NIIKA,Close But Not Too Close
546,BOAT,Tread Lightly
547,Pure X,Pure X
548,Tkay Maidza,Shook
549,Tourist Company,St Helens
550,Dakota Theim,Somewhere Under The Sun
551,Moses Sumney,Grae
552,Jaunt,All in One
553,Lady Legs,Off Days
554,Alex Izenburg,Sister Jade
555,Lazer Background,Evergreen Legend
556,Maita,Best Wishes
557,Psychic Markers,Psychic Markers
558,Jeff Rosenstock,No Dream
559,NZCA Lines,Pure Luxury
560,Retirement Party,Runaway Dog
561,Girl Friday,Amber's Knee: A Matter of Concern
562,Sports Team ,Deep Down Happy
563,Ohmme,Fanstasize Your Ghost
564,Phoebe Bridgers,Punisher
565,Trinidad ,Sweet Spirit
566,Momma,Two of Me
567,Ex Norwegian,Hue Spotting
568,Atta Boy,Big Heart Manners
569,Tomemitsu,I'll Be Alright
570,WOODS,Strange To Explain
571,SIS,Fingerpaint
572,Extraa,Baked
573,Lily and Horn Horse,Republicans For Bernie
574,Laveda,What Happens After
575,Michelle Blades,Nombrar Las Cosas
576,GUM,Out In The World
577,Vinyl Williams,Azure
578,Yellow Days,Love is Everywhere
579,Hanni El Khatib ,FLIGHT
580,Night Glitter,Night Glitter
581,Healing Potpourri,Blanket of Calm
582,Unwed Sailor,Look Alive
583,The Unfit,The Unfit
584,Run The Jewels,RTJ4
585,Nana Grizol,South Somewhere Else
586,The Mango Furs,Inner Migrations
587,Starchild and The New Romantic,Forever
588,PINS,Hot Slick
589,Francios Club,Cobra
590,Jade Hairpins,Harmony Avenue
591,Paul Maxwell,LOVEDEMON
592,MXMTOON,dawn
593,Tenci,My Heart is an Open Field
594,Deerhoof,Future Teenage Cave Artists
595,Waldo Witt,Inner Paths
596,Melkbelly,PITH
597,Hotel Life ,Old School Stereo
598,Twin Peaks,Side A
599,Flock of Dimes,Like so much Desire
600,Galore,Galore
601,Braids,Shadow Offering
602,Jonah Yano,souvenier
603,Boyo,Where Have All My Friends Gone?
604,Phantom Planet,Devastator
605,Fantasy Non Fiction,Fantasy Non Fiction
606,The Reflectors,First Impression
607,Bad Moves,Untenable
608,The Golden Dregs,Hope Is For The Hopeless
609,Sahara,Pure Glass
610,Varsity,Fine Forever
611,Pottery,Welcome to Bobby's Motel
612,Becca Mancari,The Greatest Part
613,Zoon,Bleached Wavves
614,We Were Promised Jetpacks,out of interest
615,Little Simz,drop 6
616,Beach Tape,Bigger Picture
617,Dirty Projectors,Flight Tower
618,Denison Whitmer,American Foursquare
619,Nick Hakim,Will This Make Me Good?
620,Khruangbin,Mordechai
621,Tidal Rave ,Heart Screams
622,Paragon Cause,What We Started
623,Discovery Zone,Remote Control
624,Versari,Sous La Peau
625,Paddlefish,Flyer
626,STRFKR,Future Past Life
627,Moscow Apartment,Better Daughter
628,The Beths,Jump Rope Gazers
629,Greer,Lullaby For You
630,The Know,wearetheknow
631,PAINT,Spiritual Vegas
632,Brent Amaker Deathsquad,Hello
633,Dehd,Flower of Devotion
634,Bryce Bangs,What Are You Looking For?
635,Love Fame Tragedy,"Whever I Go, I Want To Leave"
636,Grand Pax,PWR
637,Seeking Madras,One Goes Forward
638,Favorite Moments,Favorite Moments
639,Illuminati Hotties,Free I.H.: This Is Not The One You'be Been Waiting For
640,Cub Sport,Like Nirvana
641,The Academic,Acting My Age
642,Lime Cordiale,14 Steps to a Better You
643,Sargeant x Comrade,Magic Radio
644,Lionel Boy,Who Is Dovey?
645,Peach Luffe,Shimmer
646,Haley Blais,Below the Salt
647,Narrow Head,12th House Rock
648,Everything Everything,RE-ANIMATOR
649,Winnetka Bowling League,Congratulations EP
650,Sing Leaf,Not Earth
651,Ryan and Pony,Moshi Moshi
652,Jai'Len Josey,Illustrations EP
653,Dent May,Late Checkout
654,Lewis Del Mar,AUGUST
655,Siv Jakobsen,A Temporary Soothing
656,Kate Bollinger,A word becomes a sound
657,Emma Kupa,It Will Come Easier
658,IDLES,Ultra Mono
659,Nana Adjoa,Big Dreaming Ants
660,Steve Arrington,Down to the Lowest Terms: The Soul Sessions
661,Vacations,Forever In Bloom
662,Riley Pearce,Maybe I Can Sleep It Off
663,Mildlife,Automatic
664,The Bookends,Calliope
665,Matt Berry,Phantom Birds
666,CHECK MASSES,NIGHTLIFE
667,B & the Hive,Heart Beat
668,Merce Lemon,Moonth
669,The Psychedelic Furs,Made of Rain
670,Yves Jarvis,Sundry Rock Song Stock
671,Frankie and the Witch Fingers,Monsters Eating People Eating Monsters
672,D.A. Stern,Mmxxtape
673,Working Men's Club,Working Men's Club
674,Matvei,SUMMER COLLECTION
675,Gamblers,Small World
676,Jealous of the Birds,Peninsula
677,Yellow Days,A Day in a Yellow Beat
678,Photo Ops,Pure at Heart
679,Bartees Strange,Live Forever
680,Softee,Keep On
681,Astralblak,Space & Time EP
682,Lady Midnight,Death Before Mourning
683,Animal Scream,Nightwalk
684,Fionn,Everyone's A Critic
685,Darksoft,Meltdown
686,Gus Dapperton,Orca
687,Samia,The Baby
688,Gracie and Rachel,"Hello Weakness, You Make Me Strong"
689,Hot Chip,Late Night Tales: Hot Chip
690,Death Valley Girls,Under the Spell of Joy
691,Loren Kramar,Flowers & Dreams
692,Sneaks,Happy Birthday
693,Fantastic Negrito,Have You Lost Your Mind Yet?
694,Aunty Social,The Day My Brain Broke
695,Cigarettes for breakfast,Aphantasia
696,Built to Spill,Plays The Songs Of Daniel Johnston
697,San Cisco,Between You and Me
698,Matt Maltese,madhouse
699,Fleet Foxes,Shore
700,Cayucas,Blue Summer
701,Rituals of Mine,HYPE NOSTALGIA
702,Sad13,Haunted Painting
703,Wax Chattels,Clot
704,Julia Bardo,The Raw EP
705,Dead Swells,Dead Swells
706,Silver Synthetic,Out of the Darkness
707,Pat Thomas,I Aint Buyin It
708,METZ,Atlas Vending
709,Multimagic,Multidaze
710,Eartheater,Phoenix: Flames Are Dew Upon My Skin
711,Optic Sink,Optic Sink
712,Sylvan Esso,Free Love
713,Peach Kelli Pop,Lucky Star
714,PLS PLS Me,Too Late
715,Red Rum Club,The Hollow of Humdrum
716,Drew Citron,Free Now
717,Mint Field, Sentimiento Mundial
718,Sufjan Stevens,The Ascension
719,Lydia Loveless,Daughter
720,The Beauty of Gemina,Skeleton Dreams
721,"Gorillaz, Peter Hook","Song Machine, Season One: Strange Times"
722,"Gorillaz, St. Vincent","Song Machine, Season One: Strange Times"
723,Wallows,Remote EP
724,Slow Pulp,Moveys
725,Lupin,Lupin
726,LEISURE,Side A
727,ford.,The Color of Nothing
728,Travis,10 Songs
729,Dirty Projectors,Earth Crisis
730,Helena Deland,Someone New
731,PYNKIE,#37
732,Carabobina,Carabobina
733,HEALTH,DISCO4
734,Butcher Brown,#KingButch
735,Cardboard Club,Hemlock
736,Matt Berninger,Serpentine Prison
737,Plants and Animals,The Jungle
738,Zero 7,Shadows EP
739,beabadoobee,Fake it Flowers
740,Rulers,IV
741,Ane Brun,After The Great Storm
742,Moonbeau,Up All Night
743,Thunder Dreamer,Summer Sleeping
744,Wish Traps,Catch It
745,Rachel Kiel,Dream Logic
746,Wry,Noites Infinitas
747,SUUNS,Fiction EP
748,Kandle,Stick Around and Find Out
749,Mise En Scene,"Winnipeg, California"
750,Sir Chloe,Party Favors
751,Like A Motorcycle,Dead Broke
752,Omar Apollo,Apolonio
753,Early Eyes,Sunbathing
754,The Cribs,Night Network
755,Paul McCartney,McCartney III Reimagined
756,moziz,E:Motion: Time Machine + Cycles
757,Britson Maroney,Sunflower
758,Raf Rundell,O.M. Days
759,Essential Forever,There's A Lot Still To Say About Essential Forever
760,Bernice,Eau De Bonjourno
761,Haunted Shed,Flatering Light
762,Kishi Bashi,Emigrant EP
763,Jon Flynn,Citrus
764,Wayley,Wayley
765,Tedo Stone,Same Old Kind
766,Alice Phoebe Lou,Glow
767,MILLY,Wish Goes On
768,La Femme,Paradigmes
769,cehryl,time machine
770,Crumb,Ice Melt
771,Donella Drive,Ozell
772,Muwosi,Of Compassion EP
773,Dom L'Amour,New Art
774,Lady Dan,I Am The Prophet
775,OSKA,Honeymoon Phase
776,Trace Kotik,"Everything Has Been Done By Now, So Now Everything Is Possible…"
777,Alex Southey,…And the Country Stirred
778,William The Conqueror,Maverick Thinker
779,Jaguar Jonze,ANTIHERO
780,Field Music,Flat White Moon
781,The Avalanches,Since I Left You (20th Anniversary Deluxe)
782,Japanese Breakfast,Jubilee
783,Current Joys,Voyager
784,jess joy,PATREEARCHY
785,Futo,Outstanding in His Field
786,Vision Video,Inked in Red
787,Boogarins,"Manchaca, Vol. 2 "
788,Art d'Ecco,In Standard Definition
789,Guided By Voices,Earth Man Blues
790,Greentea Peng,Man Made
791,Eli Smart,Boonie Town
792,yehno,Tomorrow We'll Be Here
793,Mother Nature & Boathouse,SZNZ
794,Jupiter & Okwess,Na Kozonga
795,Tunic,Exhaling
796,The Pink Stones,Introducing…The Pink Stones
797,Douglas,Ashes
798,Forty Feet Tall,A Good Distraction
799,Merk,Infinite Youth
800,Caroline Kingsbury,Heaven's Just A Flight
801,Rochelle Jordan,Play With The Changes
802,HAERTS,Dream Nation
803,The Tragically Hip,Saskadelphia
804,Jared Mees & The Grown Children,Real Connection
805,St. Vincent,Daddy's Home
806,Los Retros,Looking Back
807,Metronomy,The English Riviera (10th Anniversary)
808,Babe Rainbow,Changing Colours
809,Cloud Nothings,The Shadow I Remember
810,Dinosuar Jr. ,Sweep It Into Space
811,Missing Sons,Missing Sons
812,Benny Sings,Music
813,Flyte,This Is Really Going To Hurt
814,Gilligan Moss,Gilligan Moss
815,Dawn Richard,Second Line
816,Denzel Curry & Kenny Beats,UNLOCKED 1.5
817,Erika de Casier,Sensational
818,Patrick Paige II,If I Fail Are We Still Cool
819,Flying Lotus,Yasuke
820,Zack Lucas,Second Thoughts EP
821,Pardoner,Came Down Different
822,King Gizzard And The Lizard Wizard,Butterfly 3000
823,Barton Hartshorn,Not What I Expected to Hope For
824,Dräger,Goths à la Discotèque
825,Useless ID,Most Useless Songs
826,Star Moles,Camelot
827,Iceage,Seek Shelter
828,KALI,CIRCLES
829,Paul Jacobs,Pink Dogs on the Green Grass
830,Lionel Boy,Lionel Boy
831,Purple Elephant,Adolescent Gaze
832,Laurel Askew,The Whole Of Subtraction
833,The Armed,ULTRAPOP
834,Alfa Mist,Bring Backs
835,Childe,Childe
836,Kristian North,Passion Play
837,Eric Schroeder,The Kid
838,Divine Sweater,The Ten Year Plan
839,Frames,Cursed
840,LC Flowers,At Home
841,Tristen,Aquatic Flowers
842,Tionesta,Tionesta
843,MIHI NIHIL,MIHI NIHIL
844,Bicycle Inn,THIS TIME AND PLACE IS ALL ILL EVER KNOW
845,Ron Gallo,PEACEMEAL
846,Dream Home,Dream Home
847,Babygirl,Losers Weepers
848,Manneuquin P****,Perfect EP
849,Silverware,No Plans
850,beabadoobee,Our Extended Play
851,Citizen,Life In Your Glass World
852,The Fratellis,Half Drunk Under A Full Moon
853,Spud Cannon,Good Kids Make Bad Apples
854,Squid,Bright Green Field
855,TEMPOREX,Bowling
856,Modest Mouse,The Golden Casket
857,Iron & Wine,Archive Series Volume No. 5: Tallahassee Recordings
858,N0V3L,NON-FICTION
859,Toth,You and Me and Everything
860,Lucy Dacus,Home Video
861,Bowerbirds,becalmyounglovers
862,Electric Looking Glass,Somewhere Flowers Grow
863,Rosie Tucker,Sucker Supreme
864,Juliana Hatfield,Blood
865,TEKE::TEKE,Shirushi
866,Laurence-Anne,Musivision
867,Manchester Orchestra,The Million Masks Of God
868,Grave Flowers Bongo Band,Strength of Spring
869,Sexy Pigeon,Pastel Summer
870,Francis of Delirium,Wading - EP
871,Teenage Fanclub,Endless Arcade
872,Far Lands,There Be Monsters
873,Islands,Islomania
874,Blood Honey,Blood Honey
875,The Snuts,W.L.
876,Wallice,Off the Rails
877,Charlie Houston,I Hate Spring
878,Modern Fools,SEER
879,Yoo Doo Right,Don’t Think You Can Escape Your Purpose
880,Brodka,BRUT
881,Cher Strauberry,Chering is Caring
882,Babitha,Through the Light
883,Killed by Kiwis,Unravel
884,Evolfo,Site out of Mind
885,Pretty Sick,Come Down
886,This Is The Kit,Off Off Oddities
887,Black Midi,Calvacade
888,The Mountain Goats,Dark in Here
889,Pom Pom Squad,Death of a Cheerleader
890,Marina Allen,Candlepower
891,Sunjacket,More Lifelike
892,Ormiston,Hammer Down
893,Spellling,The Turning Wheel
894,Maple Glider,To Enjoy Is the Only Thing
895,Richie Quake,Voyager
896,MNDR,Hell To Be You Baby
897,MAN ON MAN,MAN ON MAN
898,Lucas Aaron,Domino
899,Ex Olympic,xo
900,Suzi Moon,Call The Shots
901,Grant Carey,FUTURE FRIGHT
902,Rostam,Changephobia
903,Overcoats,Used To Be Scared Of The Dark
904,Olivia Kaplan,Tonight Turns to Nothing
905,John Grant,Boy from Michigan
906,Gaspard Auge & Justice,Escapades
907,New Bleach,Impressions
908,Love of Everything,Echo Frenz
909,Natalie Bergman,Mercy
910,JULES,DELTA AJAX
911,Yves Tumor,The Asymptotical World EP
912,Clairo,Sling
913,Elohim,"Journey to the Center of Myself, Vol. 1"
914,Saint Sister,Where I Should End
915,ULNA,OEA
916,The Tell,Somewhere Right Now
917,Ghoul Talk,Magician
918,Lou Barlow,Reason to Live
919,My Name Is Ian,Fantastic Company
920,No Joy,Can My Daughter See Me From Heaven
921,Jeweler,Tiny Circles
922,Helvetia,Essential Aliens
923,Hiss Golden Messenger,Quietly Blowing It
924,Woody and Jeremy,Gravy in My Coffee
925,Hildegard,Hildegard
926,Lukas Nelson and Promise of the Real,A Few Stars Apart
927,Pote,A Tenuous Tale Of Her
928,Sons of Raphael,Full-Throated Messianic Homage
929,Eva Tolkin,City and Sky
930,LoneLady,Former Things
931,2nd Grade,Wish You Were Here Tour Revisited
932,Bachelor,Doomin' Sun
933,Prabir Trio,Haanji
934,AIM LOW,Broken Sundial
935,Velour Academy,Chisme
936,T. Hardy Moris,The Digital Age of Rome
937,IAMTHELIVING & Teon Gibbs,JNGL
938,The Mountain Movers,World What World
939,John Carroll Kirby,Septet
940,Red Ribbon,Planet X
941,PWNT,Days in the Summer
942,May Rio,Easy Bammer
943,Squirrel Flower,Planet (i)
944,Jelani Aryeh,I've Got Some Living To Do
945,Half Waif,Mythopoetics
946,Aegir,The Earth Grew Uncertain
947,Jeshua,Unreliable Narrator
948,Jorge Elbrecht,Presentable Corpse-002
949,Aquarian Blood,Bending the Golden Hour
950,A Place To Bury Strangers,Hologram
951,Snapped Ankles,Forest of Your Problems
952,Royal Canoe,Sidelining
953,Meggie Lennon,Sounds from Your Lips
954,Jodi,Blue Heron
955,Amythyst Kiah,Wary + Strange
956,Wesley Joseph,ULTRAMARINE
957,Moonshine,"SMS for Location, Vol. 4"
958,Khruangbin,Modern Love-Various Artists
959,Helado Negro,Modern Love-Various Artists
960,Shane Morgan Raps,Journal Entries
961,Anthonie Tonnon,Leave Love Out of This
962,Fly Golden Eagle,Almond Milk
963,Babehoven,"Nastavi, Calliope"
964,Acid Dad,Take It From The Dead
965,Typical Sisters,Love Beam
966,John Vanderslice,"John, i can’t believe civilization is still going here in 2021! Congratulations to all of us, Love, DCB"
967,Stone Giants,West Coast Love Stories
968,Turnstile ,TURNSTILE LOVE CONNECTION
969,KDAP ,Influences
970,Left Field Messiah,In Praise of Bombast
971,WILLOW,lately I feel EVERYTHING
972,Stevie Weinstein-Foner,Wondering
973,Veps,Open the Door
974,SCALPING,Flood
975,Pacer,The Terror of Other People
976,Mykki Blanco,Broken Hearts & Beauty Sleep
977,Sufjan Stevens,Convocations
978,Fishboy,Waitsgiving
979,No-No Boy,1975
980,Cassandra Jenkins,An Overview on Phenomenal Nature
981,Viktor Karlsson,Happy Being Happy
982,Roquemore,Roquemore
983,Gary Lucas,The Essential Gary Lucas
984,Unwed Sailor,Truth or Consequences
985,Pixel Grip,ARENA
986,Stars and Rabbit,On Different Days
987,Lydia Ainsworth,Sparkles & Debris
988,Lips,I Don’t Know Why I Do Anything
989,Dusted,III
990,Runner,Always Repeating
991,skirts,Great Big Wild Oak
992,kolezanka,Place Is
993,Mega Bog,"Life, and Another"
994,Cop Kid,"Cop Kid Greatest Hits, Vol. 2"
995,Gang of Youths,total serene
996,Museum of Love,Life of Mammals
997,26 BATS!,Portal Party
998,Molly Burch,Romantic Images
999,The Avalanches,We Will Always Love You
1000,The Kills,Little Bastards
1001,Eli Josef,Doomsday Disco
1002,Foxanne,It's real (I knew it)
1003,Rama Gu,The Garden
1004,Serra,A Heaven of Hell
1005,Nancy,The Seven Foot Tall Post Suicidal Feel Good Blues
1006,Viagra Boys ,Wellfare Jazz
1007,Babeheaven,Home for Now
1008,Anna McClellan,I saw first light
1009,Half Stack,Wings of Love
1010,PVA,Toner
1011,Statik Selektah,The Balancing Act
1012,Brother Galen,On The Way
1013,Buck Meek,Two Saviors
1014,Weatherday,Come In
1015,Mamalarky,Mamalarky
1016,Elizabeth,the wondeful world of nature
1017,Elizabeth,the wonderful world of nature
1018,"Slaughter Beach, Dog",At the MoonBase
1019,The Darcys,Fear & Loneliness
1020,Izaak Opatz,Hot & Heavy-Handed
1021,TSHA,Flowers
1022,Healy,Tungsten
1023,Brotha Meech,The Beast of the East
1024,Babe Club,Remember This Feeling
1025,Quarter Life Crisis,Quarter-Life Crisis
1026,Here Lies Man,Ritual Divination
1027,Joan of Arc,Tim Melina Theo Bobby
1028,Hogan & Crazyups,Someone's Gotta Pay
1029,Partner,Never Give Up
1030,Fit of Body,Punks Unavailable
1031, Nick Cave & The Bad Seeds,Idiot Prayer – Nick Cave Alone at Alexandra Palace
1032,Arctic Monkeys,Live at the Royal Albert Hall
1033,Alaska Reid,Big Bunny
1034,Eternal Drag,Hovering
1035,Jordana,Something to Say to You
1036,Bobby T. Lewis,Mighty Was Your Light
1037,The Racer,Collections
1038,Secret sun,Winter Love
1039,Guided By Voices,Styles We Paid For
1040,Landshapes,Contact
1041,K.A.A.N.,Long Time No See
1042,Sumeau,This Is Not A Dream
1043,Immaterial Possession,Immaterial Possession
1044,Gotts Street Park,Volume Two
1045,Beyries,Encounter
1046,Cigarettes for Breakfast,Wait
1047,Rhye,Home
1048,Call Me Spinster,Call Me Spinster
1049,Avataria,Head Over Heels
1050,Velours,Identity
1051,Kiwi Jr.,Cooler Returns
1052,The Vaughns,rom-coms + take-out
1053,Cub Scout Bowling Pins,Heaven Beats Iowa
1054,The Postal Service,Everything Will Change
1055,LANNDS,lotus
1056,Dekker,Slow Reveal: Chapter One
1057,Public Memory,Ripped Apparation
1058,Love Tractor,Love Tractor
1059,King Gizzard & The Lizard Wizard,Live in San Francisco '16
1060,Terrence Jack,Bloom
1061,Paris,Safe Space Invader
1062,Fana Hues,Hues
1063,Cheekface,Empathetically No.
1064,The Besnard Lakes,The Besnard Lakes Are The Great Thunderstorm
1065,Jocelyn Mackenzie,Push
1066,Logic1000,You've Got the Whole Night to Go
1067,Rykard,"Explorers, Vol. 3"
1068,Pencey Prep,Heartbreak in Stereo
1069,Lucero,When You Found Me
1070,The Luka State,Fall In Fall Out
1071,Dan The Man,Brightly Coloured Creatures
1072,Joshua Lewis,Too Soft
1073,Still Corners,The Last Exit
1074,The Burkharts,Who Are the Burkharts?
1075,Moondial,The Last Cartographer
1076,Bill Jr. Jr.,Homebody
1077,Mayer Hawthorne,Rare Changes
1078,Teen Creeps,Teen Creeps
1079,Pom Poko,Cheater
1080,Neska Rose,The Repel of a Young Girl
1081,Falcon Jane,Faith
1082,Tom Kanach,Change
1083,Emily Edrosa,Another Wave Is Coming
1084,Wax Tailor,The Shadow of Their Suns
1085,Karaoke,"Blood, Piss, Religion, Pain"
1086,Waltzer,Time Traveler
1087,Pluralone,I Don’t Feel Well
1088,Osees,Panther Rotate
1089,Arlo Parks,Collapsed In Sunbeams
1090,Grace Sings Sludge,Christ Mocked & The End of a Relationship
1091,Julie Neff,Over It
1092,Cloe Wilder,Teenage Lullabies
1093,Albertine Sarges,The Sticky Fingers
1094,Estere,Archetypes
1095,The Weather Station,Ignorance
1096,Senor Kaos,Kings of Vice
1097,Tobe Nwigwe,CINCORIGINALS
1098,Bicep,Isles
1099,The Los Sundowns,The Los Sundowns
1100,Arrica Rose & The …'s,Technicolor Blue
1101,Clap Your Hands Say Yeah,New Fragility
1102,Sincere Gifts,Ghost of America
1103,Small Sins,Volume II
1104,Mogwai,As The Love Continues
1105,Same Girls,Embarrasment of Riches
1106,Andrew Thoreen,Songs Of Invitation For Guitar Duet
1107,Klo Pelgag,Notre-Dame-des-Sept Douleurs
1108,Nina Hynes,ZAP!
1109,Thunder Jackson,Thunder Jackson
1110,Wallows,Remote (Deluxe)
1111,Black Pistol Fire,Look Alive
1112,Brisa Roché & Frédéric Fortuny,FREEZE WHERE U R
1113,Lavender Diamond,Now Is The Time
1114,Blessed,iii
1115,Death By Unga Bunga,Heavy Male Insecurity
1116,Jake Elijah,Little Errands
1117,Teenage Wrist,Earth Is A Black Hole
1118,Toledo,Jockeys of Love
1119,Bodies of Water,It This What It's Like
1120,Elijah Wolf,Brighter Lighting
1121,Woodlock,The Future of an End
1122,Planet Giza,Don’t Throw Rocks At The Moon
1123,The Gold Needles,What's Tomorrow Ever Done for You?
1124,Mute Swan,Only Ever
1125,Sydney Sprague,maybe I will see you at the end of the world
1126,Wild Pink,A Billion Little Lights
1127,Guy Blakeslee,Postcards From The Edge
1128,Poggy,Woman
1129,Roosevelt,Polydans
1130,Menahan Street Band,The Exciting Sounds of Menahan Street Band
1131,Altin Gun,Yol
1132,Hathors,"Grief, Roses, & Gasoline"
1133,Puma Blue,In Priase of Shadows
1134,Fleece,Fleece EP
1135,King Gizzard & The Lizard Wizard,L.W.
1136,Psychedelic Porn Crumpets,SHYGA! The Sunlight Mound
1137,Hello Cosmos,Dream Harder
1138,Tele Novella,Merlynn Belle
1139,Cal Fish,Plastic Flag
1140,Dameer,For We Are Distant
1141,Danz CM,The Absurdity of Human Existence
1142,The Deathray Davies,Time Well Wasted
1143,Ola Sweet,Carnation
1144,Adult Mom,Driver
1145,Dorio,Dorio's Robot Friends
1146,Kyle Edward Connolly,On Arrival
1147,Django Django,Glowing in the Dark
1148,Lorenzo Wolff,Down where the Valleys Are Low; Another Otherworld for Judee Sill
1149,Lost Horizons,In Quiet Moments
1150,b,Wait for Me
1151,Billy Nomates,Emergency Telephone
1152,Ani DiFranco,Revolutionary Love
1153,The Staves,Good Woman
1154,Miss Grit,Imposter
1155,Sun June,Somewhere
1156,Katie Dey,Urdata
1157,The Flaming Lips,American Head
1158,Pale Waves,Who Am I?
1159,Mobley,Young & Dying in the Occident Supreme
1160,Lauren Auder,5 Songs For The Dysphoric
1161,Barry Paquin Roberge,Exordium to Extasy
1162,Glitterer,Life Is Not A Lesson
1163,JIMMY EDGAR,CHEETAH BEND
1164,Girl No III.,Girl No III.
1165,Trash Sun,Besides
1166,Eddie Casper,Ohmage
1167,JUMBO,Chump/Mute
1168,Kinlaw,The Tipping Scale
1169,Divide & Dissolve,Gas Lit
1170,Alicia Clara,Outsider/Unusual
1171,Joni,Orchid Room
1172,Barra Brown,LFT:RT
1173,Kilometers,Hear Thy Neighbor
1174,Ocie Elliot,In That Room
1175,Adult Books,Grecian Urn
1176,Real Estate,Half a Human EP
1177,Eve Adams,Metal Bird
1178,Ron Pastore,Options
1179,Sad Night Dynamite,Sad Night Dynamite
1180,Rasmus Birk,Homespun
1181,Bleary,Bad Days
1182,Dani Nash,Dani Nash
1183,Aaron Lee Tasjan,Tasjan! Tasjan! Tasjan!
1184,Bobby Renz,Eat a Rainbow
1185,Genevieve Stokes,Swimming Lessons
1186,Me Rex,Stegosaurus
1187,Spun Out,Touch the Sound
1188,Russel Louder,Humor
1189,Madison Mcferin,Looking Glass Vol. 2 (Mexican Summer)
1190,Tamar Berk,The Restless Dreams of Youth
1191,Spirit Award,Lunatic House
1192,EXEK,Biased Advice
1193,Lael Neale,Acquainted with Night
1194,Valley Maker,When the Day Leaves
1195,Rare Monk,Never Really Over
1196,Tommy Guerrero,Sunshine Radio
1197,PIERA,Piera
1198,POSTDATA,Twin Flames
1199,Sports,Get A Good Look Pt. 1
1200,Genesis Owusu,Smiling with No Teeth
1201,Revolt,All Things Bloom - Part 1
1202,Dennis Ellsworth,Bound by Love
1203,Maximo Park,Nature Always Wins
1204,The Bones of J.R. Jones,A Celebration
1205,Landlady,Landlady
1206,Molly Annelle,Elevator Music
1207,Born Ruffians,Pulp EP
1208,Citrus Clouds,Collider
1209,"Black Country, New Road",For the First Time
1210,Aerial East,Try Harder
1211,Ben Rice,Future Pretend
1212,DeeCRACKS,Serious Issues
1213,Zach Person,Zach Person EP
1214,Show Me The Body,Survive EP
1215,Doc Rhombus,Long Division
1216,Tune-Yards,sketchy.
1217,Folie,123!
1218,Valerie June,The Moon And Stars: Prescriptions For Dreamers
1219,Noga Erez,KIDS
1220,midwxst,SUMMER03
1221,Mark Clennon,Foreign
1222,Balthazar,Sand
1223,Yeek,Valencia
1224,Adrian Younge,The American Negro
1225,Lava La Rue,Butter-Fly
1226,Klypi,Consensual Hits
1227,Teno Afrika,Amapiano Selections
1228,Antonioni,Antonioni
1229,Leon III,Antlers in Velvet
1230,Laure Briard,Eu Voo
1231,David Olney,Whispers and Sighs
1232,El Michels Affair,Yeti Season
1233,Katy Kirby,Cool Dry Place
1234,The Notwist,Vertigo Days
1235,Another Michael,New Music and Big Pop
1236,Indigo Sparke,Echo
1237,Ben Howard,Collections From The Wipeout
1238,L'Imperatrice,Tako Tsubo
1239,Blanketman,National Trust
1240,Rich Aucoin,United States
1241,Jeremi Duran,Kid
1242,Figueroa,The World As We Know It
1243,The Orielles,La Vita Olistica
1244,ÄSTRA,Water
1245,Alex Little and The Suspicious Minds,Waiting to Get Paid
1246,Eleventh Dream Day,Since Grazed
1247,LAPêCHE,Blood in the Water
1248,Ratboys,"Happy Birthday, Ratboy"
1249,Small Black,Cheap Dreams
1250,Chad VanGaalen,World's Most Stressed Out Gardener
1251,Death From Above 1979,Is 4 Lovers
1252,Hannah Jadagu,What Is Going On?
1253,Flock of Dimes,Head of Roses
1254,Major Murphy,Access
1255,The Royal Arctic Institute,Sodium Light
1256,BROCKHAMPTON,"Roadrunner: New Light, New Machine"
1257,Tone Chop & Frost Gamble,underestimated
1258,Mac Irv,The Breakthrough
1259,Michie Mee,Bahdgyal's Revenge
1260,Parker Longbough,Crackle / Hiss
1261,THE BLOSSOM,97 BLOSSOM
1262,SPIRIT OF THE BEEHIVE,"ENTERTAINMENT, DEATH"
1263,"Tyler, The Creator",CALL ME IF YOU GET LOST
1264,Terry Presume,What Box?
1265,Anika,Change
1266,King Woman,Celestial Blues
1267,Molly Burman,Fool Me With Flattery
1268,Mudhoney,Every Good Boy Deserves Fudge (30th Anniversary Deluxe Edition)
1269,Tashaki Miyaki,Castaway
1270,Jesse Marchant,Antelope Running
1271,Vacation Forever,Real Life Sux
1272,Drew Beskin,Problematic for the People
1273,Bobby Gillespie & Jenny Beth,Utopian Ashes
1274,Bonifrate,Corisco
1275,Mother Mother,Inside
1276,Topaz Jones,Don't Go Tellin' Your Momma
1277,Iaian Howie,Patterns
1278,Piroshka,Love Drips And Gathers
1279,alexalone,ALEXALONEWORLD
1280,Wednesday,Twin Plagues
1281,Joe Taylor Sutkowski,Of Wisdom & Folly
1282,Ginger Root,City Slicker
1283,Samia ,Scout
1284,The Murlocs,Bittersweet Demons
1285,ISLAND,Yesterday Park
1286,"CZARFACE, MF DOOM",Super What?
1287,The Mammoths,Lonely Roller
1288,GLOR1A,METAL
1289,Lauren Flax,Out of Reality EP
1290,Aradia,Soar
1291,Death Valley Girls,Street Venom (Deluxe Edition)
1292,Metz,Live at the Opera House
1293,Oscar Anton,Home of Sanity
1294,Amindi,nice
1295,Hiatus Kaiyote,Mood Valiant
1296,Fleece,Stunning and Atrocious
1297,Eyedress,Mulholland Drive
1298,Brittany Howard,Jaime (Reimagined)
1299,Indigo De Souza,Any Shape You Take
1300,Tim Atlas,QUOTA
1301,The Lounge Society,Silk For The Starving
1302,Junior Mesa,Cirque Du Freak
1303,Pachyman,The Return of…
1304,Ora the Molecule,Human Safari
1305,Lowdown Brass Band,The Reel Sessions
1306,Kennedy Williams ,In Between (single)
1307,DARKSIDE,Spiral
1308,The Goon Sax,Mirror II
1309,Lee DeWyze,Ghost Stories
1310,The Scientists,Negativity
1311,Hippo Campus,"Good Dog, Bad Dream"
1312,Liars,The Apple Drop
1313,The Effens,Eventually
1314,Alice Skye,I Feel Better But I Don't Feel Good
1315,Salsa Chest,Activity
1316,Half Moon Run,Inwards & Onwards
1317,Bad Pop ,Dark Metal
1318,Monica LaPlante,Quarantine - EP
1319,Grizfolk,Grizfolk
1320,Jayla Kai,Epitome
1321,Wavves,Hideaway
1322,The Go! Team,Get Up Sequences Part One
1323,Shiny Joe Ryan,Shiny's Democracy
1324,Peyton,PSA
1325,Jackie Hayes,There's Always Going To Be Something
1326,Lex Leosis,Terracotta
1327,Plutonic Lab,The New Ruins- EP
1328,KESMAR,Forver Holiday
1329,The Prefab Messiahs,Music for Concerned Citizens
1330,Dot Allison,Heart-Shaped Scars
1331,Media Jeweler,The Sublime Sculpture of Being Alive
1332,Praises,EP4
1333,girlpuppy,Swan
1334,Bnny,Everything
1335,Zelma Stone,The Best
1336,Mae Powell,Both Ways Brighter
1337,Caitlin Harnett & The Pony Boys,Late Night Essentials
1338,Deantoni Parks,A Self
1339,SEND MEDICINE,By Telepathy & Reputation
1340,Yebba,Dawn
1341,Pony Hunt,VAR!
1342,Jeremy Jay,Devils Daughters
1343,Alan Vega,After Dark
1344,Hein Cooper,Turbulent Heart
1345,George O'Hanlon,The Storm
1346,Cochemea,Vol II: Boca Sewa
1347,My Idea,That's My Idea
1348,Wilder.,BAD BAD LUCK
1349,Zach Kleisinger,Their Symposium
1350,Shannon & The Clams,Year of the Spider
1351,KUNZITE,VISUALS
1352,The Bronx,Bronx VI
1353,Tkay Maidza,"Last Year Was Weird, Vol. 3"
1354,Amsellam,Intertidal
1355,Deafheaven,Infinite Granite
1356,Madi Diaz,History Of A Feeling
1357,Teenage Bottlerocket,Sick Sesh!
1358,LUMP,Animal
1359,Caveman,Smash
1360,Lawson Hull,Hangin' Out with Cowboys
1361,Cartel Madras,The Serpent & The Tiger
1362,LTtheMonk,On The Wall
1363,Baba Ali,Memory Device
1364,Women of the Night,Sub Rosa
1365,Mild High Club,Going Going Gone
1366,Cheekface,Emphatically Mo' (b-sides)
1367,Magdalena Bay,Mercurial World
1368,Yot Club,YKWIM? EP
1369,Metronomy,Posse EP Volume 1
1370,Field Guide,Make Peace With That
1371,Rosie Lowe,"Now, You Know"
1372,Andrea Kirwin,Bloom
1373,Alex Orange Drink,Everything Is Broken Maybe That's Ok
1374,Tropical F*ck Storm,Deep States
1375,Justus Proffit,SpeedStar
1376,Children Collide,Time Itself
1377,Deeper,Auto-Pain (Deluxe)
1378,Johnny & the Man Kids,"Home, Wherever That May Be"
1379,Central Heat Exchange,Central Heat Exchange
1380,Slime Ring,SLM_RNG_EP
1381,Anthony OKS,In the Garden
1382,The Queers,Reverberation
1383,Anthony James Band,Deadwest
1384,Breeze,Only Up
1385,Grady Strange,Getting Stranger
1386,Strange Parade,The Watchers
1387,HOMESHAKE,Under The Weather
1388,Flossing,Queen of the Mall
1389,Gotts Street Park,Diego E.P.
1390,Confusions,Grounds
1391,Injury Reserve,By the Time I Get to Phoenix
1392,Parcels,Day/Night
1393,Slow Leaves,Holiday
1394,Feng Suave,So Much for Gardening
1395,Machinedrum,Psyconia
1396,Spencer.,Are U Down?
1397,Sonny & The Sunsets,New Day with New Possibilities
1398,Chubby and the Gang,The Mutt's Nuts
1399,Joon Moon,Chrysalis
1400,We Were Promised Jetpacks,Enjoy the View
1401,Little Simz,Sometimes I Might Be Introvert
1402,Turnstile,GLOW ON
1403,Poise,Vestiges
1404,Sam Shaffer,Quiet Delta
1405,Bad Waitress,No Taste
1406,Daniel Romano,Cobra Poems
1407,Morly,Til I Start Speaking
1408,Joy Orbison,still slipping vol. 1
1409,Villagers,Fever Dreams
1410,Alexa Rose,Headwaters
1411,Petey,Lean Into Life
1412,Film School,We Weren't Here
1413,"Lance Skiiwalker, Nick hakim",Tales From The TelescopeChapter 1: Rebirth
1414,Slothrust,Parallel Timeline
1415,Thrice,Horizons / East
1416,Colleen Green,Cool
1417,Saint Etienne,I've Been Trying To Tell You
1418,Keaton Henson,Fragments EP
1419,Julia Bardo,"Bauhaus, L'Appartamento"
1420,Shelter Boy,Failure Familiar
1421,Sister.,Something / Nothing
1422,Brielle Brown,The Well
1423,James Vincent McMorrow,Grapefruit Season
1424,The Bots,2 Seater
1425,Hovvdy,True Love
1426,Y.O.G.A,You're Only Great Always I & II
1427,Balthazar,Sand Castle Tapes
1428,LEISURE,Side B
1429,Kid Kapichi,This Time Next Year
1430,Bad Bad Hats,Walkman
1431,Ada Lea,one hand on the steering wheel the other sewing a garden
1432,Amyl and The Sniffers,Comfort To Me
1433,Ashley Shadow,Only The End
1434,Delafaye,Rose
1435,Kraak & Smaak,Scirocco
1436,Aunty Social,It Looks Friendly
1437,Cullah,Half
1438,Fotocrime,Heart of Crime
1439,E.VAX,E.VAX
1440,Sammy Wells,Floating Away
1441,Gustaf,Audio Drag for Ego Slobs
1442,The F16s,Is It Time to Eat the Rich yet?
1443,Black Marble,Fast Idol
1444,Lala Lala,I Want The Door To Open
1445,Corbu,Bad Trip Reports Vol 1.
1446,Animal Electricity,TheSameThings
1447,GOWNS,Revelations
1448,The Greeting Committee,Dandelion
1449,Andy Shauf,Wilds
1450,Pokey LaFarge,In The Blossom of Their Shade
1451,SWANES,Sticky Concrete
1452,Oliver Rodley,Sweet Green Tea
1453,Shannon Lay,Geist
1454,Nite Jewel,No Sun
1455,Georgia State Line,In Colour
1456,Low,HEY WHAT
1457,Olympic Music,Olympic Music
1458,Nolan Potter,Music is Dead
1459,Julia Shapiro,Zorked
1460,Jordan Rakei,What We Call Life
1461,Princess Century,s u r r e n d e r
1462,The Franklin Electric,This Time I See It
1463,Atmosphere,WORD?
1464,Silas Short,Drawing
1465,Bomba Estereo,Deja
1466,Sitcom,Smoothie
1467,Fotoform,Horizons
1468,Gone to Color,Gone To Color
1469,Helvetia,Presents Sudden Hex
1470,Ducks Ltd.,Modern Fiction
1471,La Luz,La Luz
1472,IR,Chapter 1: Once Twice Melody [EP]
1473,Glasshealer,But The Weight Of Comfort Pulled Me Back Down
1474,Public Service Broadcasting,Bright Magic
1475,Future Crib,Full Time Smile
1476,Illuminati Hotties,Let Me Do One More
1477,brigitte Bardini,Stellar Lights
1478,Porches,All Day Gentle Hold !
1479,The Record Company,Play Loud
1480,We Are Scientists,Huffy
1481,The Velveteers,Nightmare Daydream
1482,Efterklang,Windflowers
1483,Royel Otis,Campus
1484,audiobooks,Astro Tough
1485,Boyscouts,Wayfinder
1486,Low Hum,Nonfiction
1487,Morningsiders,Easy Does It
1488,Novelty Island,How Are You Coping With This Century?
1489,Matt Maltese,Good Morning It's Now Tomorrow
1490,POND,9
1491,Stranded,Midnight Sun
1492,Geographer,Down and Out in the Garden of Earthly Delights
1493,Apophis,Apophis
1494,Church Girls,Still Blooms
1495,Franky Fade,CONTRADICTIONS
1496,Park Hye Jin,Before I Die
1497,Tirzah,Colourgrade
1498,Kedr Livanskiy,Liminal Soul
1499,Fauness,Maiden No More
1500,ORNAMENT AND CRIME,Another Night on the Astral Plane
1501,Mo Troper,Dilenttante
1502,Kay Young,This Here Feels Good
1503,Tricky Woo,Sometimes I Cry
1504,Snail Mail,Valentine
1505,Odonis Odonis,Spectrums
1506,Kaley Rutledge,Tender Heart
1507,Xenia Rubinos,Una Rosa
1508,Smallpools,LIFE IN A SIMULATION
1509,Dean Wareham,I Have Nothing to Say to the Mayor or LA
1510,American Sigh,Honor System
1511,Zeph,scared of everything
1512,Christina Ward,Humans
1513,Henry Chadwick,We All Start Again
1514,Angel Du$t,YAK: A Collection Of Truck Songs
1515,Spirit Was,Heaven's Just a Cloud
1516,YULLOLA,Priestess
1517,Another Michael,Unplugged Music and Big Sessions
1518,Furrows,Fisher King
1519,Deerhoof,"Actually, You Can"
1520,Narrow Head,Satisfaction
1521,Destroy Boys,"Open Mouth, Open Heart"
1522,Together Pangea,DYE
1523,IDLES,CRAWLER
1524,Wet,Letter Blue
1525,Oberhofer,Smothered
1526,Makthaverskan,For Allting
1527,PinkPantheress,to hell with it
1528,Chloe Moser,Reminisce
1529,Naomi Alligtor,Concession Stand Girl
1530,Charlottle Cornfield,Highs in the Minusses
1531,Papercuts,Baxter's Bliss EP
1532,Dakota Theim,Tangled Heart
1533,Suntitle,In a Dream
1534,Generationals,ILEANA
1535,Nylon Smile,Waiting for Oblivion
1536,Tasha,Tell Me What You Miss The Most
1537,Dolly Valentine,Holiday Singles
1538,Babitha,Christmas Day
1539,Quin Christopherson,I Am Bubblegum
1540,Alice Phoebe Lou,Child's Play
1541,Bully,Just For Love
1542,808s & Greatest Hits,Social Bubble
1543,Hippo Campus,Ride or Die
1544,Marble Party,Time and Time Again
1545,Jeremiah Furr,Catch a Ride to the Unknown
1546,Kills Birds,Married
1547,Tink and the Lost Boys,Tink and the Lost Boys
1548,YYY,aquadungeonafterdark
1549,Alyssa Gengos,Cheerleader of the Universe
1550,Sloppy Jane,Madison
1551,fika & Bambi,Coffee & Clouds
1552,Geese,Projector
1553,Coco,Coco
1554,Naytronix,Other Possibilities
1555,Parquet Courts,Watching Strangers Smile
1556,Fleet Foxes,A Very Lonely Solstice
1557,Blueprint Tokyo,A Whole New Life
1558,The Stress Of Her Regard,The Stress Of Her Regard
1559,Jovian,Emoceans
1560,Said the Whale,Dandelion
1561,joe p,Emily Can't Sing
1562,Nova Rae,Acquainted
1563,Cedric Noel,Hang Time
1564,Matilde Davoli,Home
1565,The Dead Bolts,Pretty And Burnt Out
1566,Karate School Dropout,HokuPsychosister
1567,Miradores del Sol,Half Baked
1568,Tōth,DEATH EP
1569,Fairmont,A Retrospective 2011-2021
1570,Audri,Swan Song
1571,The Sherlocks,World I Understand
1572,The Sherlocks,World I Understand
1573,Palace,Shoals
1574,The Wombats,"Fix Yourself, Not The World"
1575,Earl Sweatshirt,Sick!
1576,Mary Akpa,Nnoo
1577,Pegasus Warning,Inspiration Equation
1578,Keys N Krates,Original Classic
1579,SUGARFUNGUS,"Letting Go, Moving Still"
1580,Animal Collective,Strung with Everything
1581,Shout Out Louds,Sky and I (Himlen)
1582,Sophie Powers,Clearview
1583,Metronomy,Small World
1584,Hana Vu,Public Storage
1585,Spaceface,Anemoia
1586,ME REX,"""Never Graduate"""
1587,Steele FC,Here Comes (Steele FC)
1588,Marissa Burwell,Bittersweet
1589,VONAMOR,You the People
1590,Sun June,Run For Cover
1591,yarn.,I Said Goodbye And Then... EP
1592,Broken Social Scene,Old Dead Young (B-Sides & Rarities)
1593,FKA twigs,CAPRISONGS
1594,Samm Henshaw,Untidy Soul
1595,Ladyhawke,Time Flies
1596,Bonobo,Fragments
1597,The Jack Moves,Everloving vs Evil
1598,Grace Womack ,Yellow Cowboy Hat
1599,Cat Power,Covers
1600,Sabrina Fallah,Radio Songs
1601,Juice,Boy Story
1602,Test Subjects,Study
1603,Kaya Usher and The Family Band ,All This Is
1604,Carthy,Broken Down
1605,Kid Le Chat,Hey Sunny
1606,Pip Blom,Welcome Break
1607,King Gizzard and The Lizard Wizard,Butterfly 3001
1608,No Nations,Seltzer
1609,Pinegrove,0.46597222222222223
1610,The Smile,You Will Never Work In Television Again
1611,Mother Mother,Inside (Deluxe)
1612,The Wheel Workers,S.O.S.
1613,Underpass,Deluxe Industrial
1614,Maia Friedman,Under The New Light
1615,Nation of Language,A Way Forward
1616,Johnny Payne,King of Cups
1617,Beechwood,Sleep Without Dreaming
1618,Jason Lytle,Over and Outsider
1619,Mulherin,Paper and Plastic 01
1620,Elvis Costello & The Imposters,The Boy Named If
1621,Mikayla Mcvey,Time Turns Everything
1622,Raincrowd,XXI
1623,Domine Brishawn,Nothing Personal
1624,Sam Redmore ft. Lumi HD,Party
1625,Mitski,Laurel Hell
1626,Ghostly Kisses,"Heaven, Wait"
1627,Passed Out,"Well Enough, for Now "
1628,Sweat,Gotta Give It Up
1629,Zach Tabori,Soft Boiled
1630,Alcopops,Devil EP
1631,London Exchange,I Can't Say Your Name
1632,Eels,Extreme Witchcraft
1633,Joe Kenkel,Naturale
1634,Empath,Visitor
1635,Dropper,Don't Talk To Me
1636,In The Pines,Impossible Daze
1637,Shamir,Heterosexuality
1638,Arlo Parks,Softly
1639,Softcult ,Year of the Snake
1640,Hush Club,Fingerprints & Stains
1641,Between Beach and Forest,Between Beach and Forest
1642,The Tulips,Message For The Living
1643,Cate Le Bon ,Pompeii
1644,Marissa Nadler,The Wrath of the Clouds
1645,Green Sky Accident,Finding Failure
1646,Loveseat Pete,"God Damn, Give Up"
1647,Gabriel Paz,"Green, Rough, and to the Point"
1648,Double Grave,Goodbye Nowhere!
1649,Big Thief,Dragon New Warm Mountain I Believe In You
1650,Whiting Tennis,I Do
1651,waveform*,Last Room
1652,Anxious,Little Green House
1653,Reptaliens,Multiverse
1654,Cloakroom,Dissolution Wave
1655,SPIRIT OF THE BEEHIVE,The Door
1656,Sierra Pilot,Alive
1657,Various Artists,Summer of Soul Soundtrack
1658,Landon Lloyd Miller ,Bluebonnet
1659,Bryan Jackson,All Talk
1660,Cat Dowling ,All that I can Do
1661,Hayes Howard,Lockstep/Pile
1662,Para Lia,Gone With The Flow
1663,Straight White Teeth,Intimacy Coordinator
1664,"Black Country, New Road",Ants From Up There
1665,Lady Pills,What I Want
1666,OMBIIGZI,Sewn Back Together
1667,"Moonchild, III Camille",Starfruit
1668,Crystal Murray,Twisted Bases
1669,Pink Mountaintops,Lights of the City
1670,Khruangbin and Leon Bridges,Texas Moon
1671,The Ophelias,Bare Bodkin
1672,Big Little Lions,Someday
1673,Church of Trees,Pish Posh
1674,Raveena ,Asha's Awakening
1675,alt-j,The Dream
1676,Beach House,Once Twice Melody
1677,The Thing With Feathers,Sundays in the South
1678,The Venus in Scorpio,As Above
1679,Granola Boy,Favorite Mistake
1680,Come,Peel Sessions
1681,MAITA,I Just Want To Be Wild For You
1682,Foreign Air,Why Don't You Feel the Way I Do?
1683,Ben Auld,Lemongrass
1684,Myd,Born A Loser
1685,Tempest ,Lemon Pepper Wet
1686,Panjoma,Sun and Moon
1687,Monsoon,Ghost Party
1688,Danny G,Believing
1689,Summer Rental,New Fix
1690,Kid Sistr,Kid Sistr
1691,Deserta,"Every Moment, Everything You Need"
1692,Sofia Bolt,Soft Like a Peach
1693,KAINA,It Was a Home
1694,Los Saints ,Fouund You Somewhere
1695,Bathtub Cig,Night Blindness
1696,Little Simz ft: Cleo Sol,Woman
1697,SAULT,WHY WHY WHY WHY WHY
1698,SAULT,Don't Waste My Time
1699,Cleo Sol,23
1700,Cleo Sol,When I'm In Your Arms
1701,Snapped Ankles,Barbecue in Brazil
1702,No Swoon,Bedside
1703,sadie,4am
1704,Widowspeak,The Jacket
1705,Barrie,Jenny
1706,Basement Revolver,Embody
1707,String Machine,Hallelujah Hell Yeah
1708,Early Eyes,Look Alive!
1709,Sis,Gnani
1710,Krystal Karting ,Silverball
1711,A Place To Bury Strangers,See Through You
1712,Soccer Mommy,Shotgun
1713,The Mary Veils,Bone Blossom Green
1714,Nilufer Yanya,Painless
1715,Ethan P. Flynn,Distraught
1716,Mdou Moctar,Nakanegh Dich
1717,The Black Keys,Wild Child
1718,Luliano,On The Radio
1719,Spoon,Lucifer on the Sofa
1720,Marco Benevento,Marco & Mimo
1721,Luna Li ,Duality
1722,Blue J,A Sign of Good Luck
1723,VHS Collection,Night Drive
1724,Lowlight,They Know
1725,Euglossine,Some Kind Of Forever
1726,El Ten Eleven,New Year's Eve
1727,Christian Lee Hutson,Quitters
1728,Half Dream,Too Much
1729,yeule,Glitch Princess
1730,RINAS,Singing In My Sleep
1731,NewDad,Banshee
1732,SIV Disa,DREAMHOUSE
1733,Methyl Ethel,Are you Haunted?
1734,Ethan P. Flynn,Universal Deluge
1735,Dez Dare,Ulysses Trash
1736,Chayse Porter,Chay's Palace
1737,Bad Pop,Psych Pedal
1738,Letting Up Despite Great Faults,IV
1739,Lammping,Stars We Lost
1740,System Exclusive,System Exclusive
1741,Pictish Trail,Island Family
1742,Francis of Delirium,The Funhouse
1743,Shaylee,Short-Sighted Security
1744,Blue States,World Contact Day
1745,Trust Us,Non-Zero-Sum Game
1746,Eamon,No Matter The Season
1747,Kishi Bashi,151a (Demo-arigato Version)
1748,Superchunk,Wild Loneliness
1749,King Goon,Admit Nothing! Deny Everything! Lie! Lie! Lie!
1750,The Golden Glows,On Moonlight
1751,Tre Burt,"You, Yeah, You"
1752,King Pari,Mary
1753,Carson Mchone,Still Life
1754,leon,PPONG
1755,Caroline Loveglow,Strawberry
1756,Midlake,For The Sake of Bethel Woods
1757,The Mysterines,Reeling
1758,Mattiel,Georgia Gothic
1759,Nina Garbus,Wellness Center
1760,The Freakout,Cycle of Debt
1761,Scrunchies,Feral Coast
1762,Astragal,Pure Cashmere
1763,Pillow Queens,Leave The Light On
1764,Day Wave,Pastlife
1765,Scott Klein,Jesse's Hotel
1766,Double Rider,Double Rider EP
1767,Permanent Loan,Empire of Dust
1768,Pluralone,This is the Show
1769,Shiva Burlesque,Mercury Blues + Skulduggery
1770,Noon Garden,Beulah Spa
1771,Stacey Cohen,Wild Service
1772,Polyplastic,Medium Complications
1773,Destroyer,LABYRINTHITIS
1774,Elephant Stone,Le Voyage de M. Lonely dans la Lune
1775,Pearly,Silver Of The Mirror
1776,Folly Group,Human and Kind
1777,Sir Synthesis,Monsoon
1778,Hovvdy,Everything
1779,The Linda Lindas,Growing Up
1780,Wet Leg,Wet Leg
1781,Suzi Moon,Animal
1782,Wrightwood,Wrightwood
1783,Lung,Come Clean Right Now
1784,Snarls,What About Flowers?
1785,Luliano,De-Algorithm
1786,Gong Wah,A Second
1787,Wednesday,Mowing the Leaves Instead of Piling 'em Up
1788,Primer,Incubator
1789,Rip Pop Mutant,Fluxus Pop
1790,Society 1,Black Level Six
1791,The Mary Veils,Esoteric Hex
1792,Guerilla Toss,Famously Alive
1793,Life Stuff,King Of The Drive Thru
1794,Carla Geneve,Learn To Like It
1795,Namen Namen ,Namen Namen
1796,Mal Blum,Ain't It Nice
1797,Ed Schrader's Music Beat,Nightclub Daydreaming
1798,Orion Sun,Getaway
1799,Hot Flash Heat Wave,Sportswear
1800,Young Guv,GUV III
1801,Jeremy Ivey,Invisible Pictures
1802,November Ultra,bedroom walls
1803,Bakers Eddy,Love Boredom Bicycles
1804,Hatchie,Giving The World Away
1805,Kate Bollinger,Look at it in the Light
1806,Spit City,Carpe Demon
1807,Fontaines D.C.,Skinty Fia
1808,Psychedelic Porn Crumpets,Night Gnomes
1809,redveil,learn 2 swim
1810,Tempers,New Meaning
1811,Papercuts,Past Life Regression
1812,Cache Memori,Why on Earth
1813,No Swoon,Take Your Time
1814,deer scout,Woodpecker
1815,Julie Doiron & Dany Placard,Julie & Dany
1816,Girlpool,Forgiveness
1817,My Idea,CRY MFER
1818,Earth Dad,Birthday
1819,Kindsight,Swedish Punk
1820,Bronze,Absolute Compliance
1821,Sprints,A Modern Job EP
1822,Kate Clover,Bleed Your Heart Out
1823,Death Lens,No Luck
1824,CDSM,Hell Stairs
1825,"Particle Kid, Moskito",Time Capsule
1826,Renata Zeiguer,Picnic in the Dark
1827,Dream Phases,New Distractions
1828,Willie Nelson ,A Beautiful Time
1829,Butterfly Garden,...And Everybody Else
1830,Son House,Forever on my Mind
1831,The Rosie Varela Project,What Remains
1832,Sean Dimitrie,Fresh Air
1833,Loki's Folly,Sisu
1834,Blond in Car,Secret When You See One
1835,Similar Kind,"Everything from the Past, Here Now"
1836,Blushh,C'est La Vie!
1837,Miynt,Lonely Beach
1838,Jackson Baker,Moo Moo
1839,Melody's Echo Chamber,Emotional External
1840,Vero,Unsoothing Interior
1841,TOPS,Empty Seats
1842,Sea Power,Everything Was Forever
1843,WAVES,Take It or Leave It
1844,Post Animal,Love Gibberish
1845,Sea Lemon,Close Up
1846,The Smile ,A Light for Attracting Attention
1847,Sharon Van Etten,We've Been Going About This All Wrong
1848,Fly Anakin,Frank
1849,The Main Squeeze,To Be Determined
1850,Flight Mode,Torshov '05
1851,Defcee and Boathouse and Mother Nature,For All Debts Public and Private
1852,Blunt Chunks,Blunt Chunks
1853,Flamango Bay,The Fool
1854,Belle and Sebastian ,A Bit of Previous
1855,Hater,Sincere
1856,Yves Jarvis,The Zug
1857,Weird Nightmare & Bully,Weird Nightmare
1858,Son Lux & Mitski & David Byrne,Everything Everywhere All at Once (OST)
1859,Cool Original,"outtakes from ""bad summer"""
1860,Hector Morlet,Music for Squares
1861,The Curls ,Smothered and Covered
1862,The Slaps,Tomato Tree
1863,Porridge Radio,"Waterslide, Diving Board, Ladder To The Sky"
1864,Cola,Deep in View
1865,Weird Nightmare,Weird Nightmare
1866,Just Mustard,Seed
1867,Horsegirl,Dirtbag Transformation (Still Dirty)
1868,fanclubwallet,You Have Got to Be Kidding Me
1869,Gentle Heat,Sheer
1870,Kisskadee,Black Hole Era
1871,JOHN TSUNG,Empire Postcards
1872,Dehd,Blue Skies
1873,Slang,Cockroach in a Ghost Town
1874,Being Dead,Fame Money Death By Drive By
1875,Sophie Powers,Red In Revenge
1876,FEAR THE DEAN,Have Some Fun
1877,PUP,THE UNRAVELING OF PUPTHEBAND
1878,Angel Olsen,Big Time
1879,Panda Riot,Extra Cosmic
1880,Tomás Doncker & The True Groove All Stars,Endangered
1881,The Weel Workers,Suck It Up
1882,Big Joanie,Happier Still
1883,Courtney Barnett,"Sometimes I Sit and Think, and Sometimes I Just Sit"
1884,Nick Sheppard & Marigold Sun,Pratunam
1885,Cola ,Deep in View
1886,La Femme,Sacate La
1887,Oval Portraits,Fake Fealty
1888,Sister Ray,Communion
1889,Drive-By Truckers,Weclome 2 Club XIII
1890,Lettuce,thee s
1891,Ben Marc,Glass Effect
1892,DeWolff,Wolff pack
1893,Warpaint,Radiate Like This
1894,Ebi Soda,Honk If You're Sad
1895,A.A. Williams,Evaporate
1896,Alex The Astronaut,Airport
1897,Caleb Nichols,Run Rabbit Run
1898,Frankie and The Witch Fingers,Cookin'
1899,Saajtak,For The Makers
1900,Adrian Quesada,Boleros Psicodélicos
1901,bex,Move It Or Lose It
1902,Francis Lehaie ,L'oiseau refuse d'aller au sol
1903,Trace Decay,Paradigm
1904,Working Men's Club,Ploys
1905,Blynd Birds,Songs to Sink Yachts To
1906,Shelly Archer,Lovebird
1907,Catbath,Invisible Racecar
1908,Homewrecker & The Bedwetters,Gay Onstage & Full Rage
1909,The Frightnrs,Always
1910,Polica,Madness
1911,Kamikaze Nurse,+
1912,Bread Pilot,New To You
1913,Deadly Cliffs,Shut Your Ears!
1914,kelz,5am and I Can't Sleep
1915,Jasmyn ,In the Wild
1916,Little Brazil,Just Leave
1917,Marta Knight,Strange Times Forever
1918,Executioner's Mask,Winterlong
1919,Tomberlin,I Don't Know Who Needs to Hear This
1920,Wilco,Cruel Country
1921,P.H.F.,Purest Hell
1922,Los Saints,Welcome to Confusion
1923,Jeshi,Universal Credit
1924,Gaby Moreno,Alegoria
1925,Fox Fagan,Daydream Mindtones
1926,Joyce Manor,40 oz. to Fresno
1927,Modern English,After the Snow
1928,Ravyn Lenae,HYPNOS
1929,Hovvdy,billboard for my feelings
1930,supernowhere,Skinless Takes a Flight
1931,KITIMOTO,Vintage Smell
1932,Keep For Cheap,Bundle
1933,Ask For Elizabeth,Nightmare
1934,Pehuenche,Vida Ventura
1935,Dad Bod,Pastels
1936,Michael Rault,Michael Rault
1937,Rum Jungle,Everything is Easy
1938,Tanika Charles,Papillon De Nuit: The Night Butterfly
1939,Sweet Pill,Where The Heart Is
1940,Sarah Kinsley,Cypress
1941,Diane Coffee,With People
1942,Half String,A Fascination With Heights
1943,Lumberob,Language Learner
1944,sad cell,singles
1945,Pi Ja Ma,Seule sous ma frange
1946,Parquet Courts,Sympathy for Life
1947,Hercules & Love Affair,In Amber
1948,Martin Courtney,Magic Sign
1949,The Burning Hell,Garbage Island
1950,Katie Bejsiuk,The Woman on the Moon
1951,A House Safe For Tigers,Transience
1952,Honeyvein,White Knuckles
1953,Drugdealer,Madison
1954,Yellow Pills,Too Many Metrics
1955,Busty and the Bass,KARNEVAL
1956,Flasher,Love Is Yours
1957,Pastel Blank,Pastel Blanc
1958,Thee Sacred Souls,Easier Said Than Done
1959,TV Priest,My Other People
1960,Yaya Bey,Remember Your North Star
1961,The Dream Syndicate,Ultraviolet Battle Hymns and True Confessions
1962,Soccer Mommy,"Sometimes, Forever"
1963,Horse Jumper of Love,Natural Part
1964,Sound of Ceres ,Emerald Sea
1965,Jessica Boudreaux,I Think My Heart Loves to Break
1966,Teddy and the Rough Riders,Teddy and the Rough Riders
1967,Field Guides,Ginko
1968,King Ropes ,Super Natural
1969,The Valery Trails,Dissappear
1970,Young Guv,GUV IV
1971,Automatic,Excess
1972,Bloomsday,Place To Land
1973,Erin Anne,Do Your Worst
1974,Petrol Girls,Baby
1975,Grace Ives,Janky Star
1976,Sweeping Promises,Hunger for a Way Out
1977,Momma,Household Name
1978,NoSo,Stay Proud of Me
1979,Jackie Kean,Jackie Kean
1980,Tastefull,Tastefull
1981,Moor Mother,Jazz Codes
1982,Goodnight Sunrise ,Wait for It
1983,Minru,Liminality
1984,Rolling Blackouts Coastal Fever,Endless Rooms
1985,Metric,Formentera
1986,James Righton ,"Jim, I'm Still Here"
1987,Katalyst ,Katalyst JID013
1988,Viagra Boys,Cave World
1989,Husbands,Full-On Monet
1990,Wu-Lu,Loggerhead
1991,Litvar,No One Tastes Like You
1992,Kimberly Morgan York,Keep On Goin'
1993,black midi,Hellfire
1994,Tijuana Panthers,Halfway to Eighty
1995,JayWood,Slingshot
1996,Steve Lacy,Gemini Rights
1997,Lil Silva,Yesterday Is Heavy
1998,Mapache,Roscoe's Dream
1999,PACKS,WOAH
2000,beabadoobee,Beatopia
2001,Rachel Bobbitt,The Ceiling Could Collapse
2002,Desario,Signal and Noise
2003,Typical Girls,Typical Girls
2004,Only Child Tyrant,Time To Run
2005,The A's,Fruit
2006,Lynn Crossett,In the Company of a Song
2007,Goose,Dripfield
2008,Dylan Moon,Option Explore
2009,Twen,One Stop Shop
2010,Marble,The Shadow In Me
2011,Dimestore Dolls,Wooly Mamas
2012,Elijah Johnston,Day Off
2013,Spacemoth,No Past No Future
2014,Wylderness,Big Plans for a Blue World
2015,TRAAMS,Personal Best
2016,Loren Beri,Stray Cat Kingdom
2017,She & Him,Melt Away: A Tribute To Brian Wilson
2018,49th & Main,Must Be Nice
2019,Danger Mouse & Black Thought,Auquamarine
2020,Night Moves,The Redaction
2021,Cathedral Ceilings,Summer of Misguided Dynamite
2022,Fashion Club,Scrutiny
2023,Caregiver,Bathing in Yesterday's Fires
2024,Pool Kids,Pool Kids
2025,Enumclaw,Cowboy Bebop
2026,Mike and the Moonpies,One to Grow On
2027,Near Beer,Near Beer
2028,Plastic Picnic,As Long as You Need
2029,Young the Giant,Act I: Origins
2030,Neighbor Lady,For the Birds
2031,Dayglow,Then It All Goes Away
2032,The Soft Hills,Viva Chi Vede
2033,Jacob Turnbloom,Microdose Singles
2034,Maddie + The Deadnames,Self Titled
2035,The Sadies,Colder Streams
2036,Cuco,Fantasy Getaway
2037,quinn,quinn
2038,RY X,Blood Moon
2039,Biche & Pearl & The Oysters,Coordonnees
2040,Plastic Rhino,Terminus
2041,Interpol,The Other Side of Make-Believe
2042,Maggie Rogers,Surrender
2043,Rough Church,Late Life Lightning
2044,Lava La Rue,Hi-Fidelity
2045,Florist,Florist
2046,Wombo,Fairy Rust
2047,Good Looks,Bummer Year
2048,Our Last Daze,*UNNAMED* UPCOMING ALBUM
2049,Phony,At Some Point You Stop
2050,Patrick Holland,You're The Boss
2051,Emily Yacina,All The Things
2052,Buttering Trio,Foursome
2053,Kuedo,Infinite Window
2054,Cheekface,Too Much To Ask
2055,Sheenah Ko,Future Is Now
2056,Σtella,Up and Away
2057,Naima Bock,Giant Palm
2058,1st Base Runner,Light Roars
2059,Sam Gendel,SUPERSTORE
2060,KALI,Maltman and Effie
2061,Jonah Tolchin,Lava Lamp
2062,Senseless Optimism,It Gets Better
2063,Loop,Sonancy
2064,Katy J Pearson,Sound of the Morning
2065,of Montreal,Freewave Lucifer f<ck f^ck f>ck
2066,DOMi & JD BECK,NOT TiGHT
2067,Launder ft. Soko,Happening
2068,Woodlock,Bermuda Sea
2069,Montell Fish,JAMIE
2070,Tallies,Patina
2071,Kokoroko,Could We Be More
2072,Sylvan Esso,No Rules Sandy
2073,Rich Ruth,"I Survived, It's Over"
2074,Danger Mouse & Black Thought,Cheat Codes
2075,Improvement Movement,"Don't Delay, Join Today! "
2076,Worthitpurchase,Truthtelling
2077,The Wheel Workers,Harbor
2078,Kenny Normal ,Upcoming Kenny Normal EP
2079,Tony Molina,In The Fade
2080,Dust Star,Open Up That Heart
2081,Jennifer Vanilla,Castle In The Sky
2082,Eliza Niemi,Staying Mellow Blows
2083,Zenizen,POC (Proof of Concept)
2084,Beach Rats,Rat Beat
2085,Coupons,Wasted Intimacy
2086,The Racer,Blush
2087,Cooper Kenward,Cooper Kenward
2088,Kiwi Jr,Chopper
2089,Royel Otis,Bar N Grill
2090,Bakar,Nobody's Home
2091,Trent Wilson,Novocaine
2092,CONWAYTHEWHALE,THE WAY THAT YOU LOVE
2093,Marble,the shadow in me
2094,The Berries,High Flying Man
2095,flipturn,Shadowglow
2096,Attic Ted,13 Select Home Recordings
2097,Triathalon,Spin
2098,Circa Waves,Hell On Earth
2099,Sleeping Jesus,Leave The Party Early
2100,Tetsuians,Repairs and Alterations
2101,Why Bonnie,90 in November
2102,THICK,Happy Now
2103,They Kiss,Feeling With You
2104,Moreish Idols,Float
2105,Stella Donnelly,Flood
2106,Terence Etc. ,V O R T E X
2107,The Mountain Goats,Bleed Out
2108,Zannie,How Do I Get That Star
2109,Thee Sacred Souls,Thee Sacred Souls
2110,Kristiane,State Lines
2111,Teen Suicide,honeybee table at the butterfly feast
2112,Dendrons,Album Title: 5-3-8
2113,Au Suisse,Au Suisse
2114,Oneida,Success
2115,S. Raekwon,I Like It When You Smile
2116,Baseball Gregg,Pastimes
2117,Eyedress,FULL TIME LOVER
2118,Kid Bloom,Highway
2119,Brother Swan,Loom
2120,LIFE,North East Coastal Town
2121,CLAMM,Care
2122,Monolithe Noir,Rin
2123,Living Hour,Someday is Today
2124,Kills Across The River,Mutt
2125,Unloved,The Pink Album
2126,Ethan Larsh,The Emperor
2127,Ron Gallo,ENTITLED MAN
2128,Soaked Oats,The Way It Works
2129,Shutups,Televised Hit & Run
2130,Pianos Become the Teeth,Drift
2131,Röyksopp,Profound Mysteries II
2132,FLOCKS,You Were Probably Younger Then
2133,Fancey,Star Dreams
2134,Thanya Iyer,Rest
2135,Love Tractor,Themes From Venus
2136,Paper Pools,It's In Our Mind
2137,Stockhausen and The Amplified Riot,Stockhausen and The Amplified Riot
2138,Diver Through,All Nighter
2139,The Holdings,Father and Son
2140,Maddie Zahm,You Might Not Like Her
2141,Charlie Burg,Infinitely Tall
2142,Magro,II
2143,OSEES,A Foul Form
2144,Phoenix,Tonight
2145,Two Door Cinema Club,Keep On Smiling
2146,Aprile,From Heaven
2147,Lukka,Something Human
2148,Modern Nun,Name Extended
2149,Coastwest Unrest,The Darkest Brilliance
2150,Anarbor,Love & Drugs
2151,Secret Machines,Day 21/Dreaming of Dreaming
2152,Native Sun,There's Revolution
2153,Dearly Beloved,Walker Park
2154,Ginger Root,Nisemono
2155,Cults,Host B Sides & Remixes
2156,BADSOMA,Heat and Disorder
2157,New Age Healers,Demolition Stories
2158,Air Waves,The Dance
2159,The Paranoyds,Talk Talk Talk
2160,Built To Spill,When The Wind Forgets Your Name
2161,The Afghan Whigs,How Do You Burn?
2162,Santigold,Spirituals
2163,Surf Curse,Self Portrait
2164,Rental House,Sunday Scaries
2165,Bibi Club,Le soleil et la mer
2166,The Garden,Horsepoop on Route 66
2167,Julia Jacklin,Pre Pleasure
2168,Madame Gandhi,"""Crystals & Congas"""
2169,Bleary,Bleary
2170,Dry Cleaning,"""Gary Ashby"""
2171,Blood Orange,Four Songs
2172,Hellcat Bloom,semi-sweet
2173,The Beths,Expert in a Dying Field
2174,Little Dragon,Opening The Door
2175,Kenny Beats,Louie
2176,Party Van,Moo Moo/Purple People
2177,Mo Troper,MTV
2178,The Lounge Society,Tired of Liberty
2179,Miloe,gaps
2180,Preoccupations,Arrangements
2181,Scone Cash Players,Brooklyn to Brooklin
2182,The Black Angels,Wilderness of Mirrors
2183,Danielle Ponder,Some of Us Are Brave
2184,Son Little,Like Neptune
2185,Young Jesus,Sheperd Head
2186,Marina Allen,Centrifics
2187,The Murlocs,Rapscallion
2188,The Mommyheads,Genius Killer
2189,PALE DIAN,MeLt
2190,Miya Folick,2007
2191,Sudan Archives,Natural Brown Prom Queen
2192,Blame My Youth,"""SOS"""
2193,Beau,Life Twice
2194,Death Cab For Cutie,Asphalt Meadows
2195,The fin.,Outer Ego
2196,Fake Palms,Lemons
2197,Starcrawler,She Said
2198,Mercyland,We Never Lost a Single Game
2199,Iron & Wine,Lori
2200,EUCA,Transitional Period
2201,Kid Kapichi,Here's What You Could Have Won
2202,Upchuk,Sense Yourself
2203,Nation of Language,"""From The Hill"""
2204,Bloods,"Together, Baby!"
2205,OFF!,Free LSD
2206,Courting,Guitar Music
2207,Editors,EBM
2208,mynameisleonidas,mynameisleonidas
2209,Melody's Echo Chamber,Unfold
2210,Tim Burgess,Typical Music
2211,Mamalarky,Pocket Fantasy
2212,Perera Elsewhere,Home
2213,Pretty Sick,Makes Me Sick Makes Me Smile
2214,Floral Cow,Wasteland Disco
2215,Sad Cell,HORSELESS
2216,The Craigs,Nicotine
2217,Lung,Let It Be Gone
2218,jagwar twin,33
2219,A Shoreline Dream,Loveblind
2220,Couch Prints,Waterfall
2221,Zoon,A Sterling Murmuration
2222,Sharky,People Are Strange
2223,Shannen Moser,The Sun Still Seems to Move
2224,LCD Soundsystem,"""new body rhumba"""
2225,parthenope,Blue Note Re:Imagined II
2226,Korean Boyfriend,YELLOW
2227,Dear Boy,Forever Sometimes
2228,Coma Girls,No Umbrella For Star Flower
2229,LATENIGHTJIGGY,Flavors 3
2230,Braxton Cook,Black Mona Lisa
2231,Kooky Bombshell,Kooky Bombshell
2232,Future Teens,Self Help
2233,Yawn Mower,To Each Their Own Coat
2234,Eerie Wanda,Internal Radio
2235,Late Cambrian,Future Snacks
2236,Mr. Sam & The People People,People People People People!
2237,THUS LOVE,Memorial
2238,Henry Hall,Are You Kidding Me?????
2239,Pollyanna,Slime
2240,Titus Andronicus,The Will to Live
2241,MILLY,Eternal Ring
2242,JORDANN,Safe Space
2243,The Band Ice Cream,PLAY DEAD
2244,Ganser,Ganser
2245,Sol Messiah,GOD COMPLX
2246,Open Mike Eagle,Component System With the Auto Reverse
2247,Alex G,God Save the Animals
2248,Surf Curse,Magic Hour
2249,Katmaz,Tell Me How Great You Are
2250,ELIZA,A Sky Without Stars
2251,Glassreel,Lustre
2252,Dijon,Nico's Red Truck
2253,Dijon,Absolutely
2254,Indigo Sparke,Hysteria
2255,Dungen (pron. Doon-Yen),En Är För Mycket och Tusen Aldrig Nog
2256,Disq,Desperately Imagining Someplace Quiet
2257,Alvvays,Blue Rev
2258,Enumclaw,Save the Baby
2259,October Drift,I Don't Belong Anywhere
2260,Sister Wife,Sugar Coated Sadness
2261,St. Lucia,Utopia
2262,Isabella Manfredi,izzi
2263,Blueprint Tokyo,Cinema Sounds
2264,Vivian,Pressure Makes Diamonds
2265,Pixies,Doggerel
2266,Charlie Martin,Imaginary People
2267,Brooke Annibale,Better By Now
2268,Courtney Marie Andrews,Loose Future
2269,Babe Rainbow,The Organic Band
2270,Mike Adams at his Honest Weight,Graphic Blandishment
2271,Ghost Light,Ghost Light
2272,NNAMDI,Please Have a Seat
2273,Johanna Warren,Lessons for Mutants
2274,Passion Fruit Boys,Passion Fruit Boys
2275,ooi,Good Luck Charms
2276,Dawn to Dawn,Postcards From The Sun To The Moon
2277,Franc Moody,Into the Ether
2278,Dayglow,People in Motion
2279,Sorry ,Anywhere But Here
2280,Wild Pink,ILYSM
2281,Bolinas,Heavy Easy Listening
2282,Sports Team,Gulp
2283,Plains,I Walked With You A Ways
2284,Black Lips,Apocalypse Love
2285,Dry Cleaning,Stumpwork
2286,The 1975,Being Funny in a Foreign Language
2287,Winter,What Kind of Blue Are You?
2288,Whitmer Thomas,The Older I Get The Funnier I Was
2289,Frankie Cosmos,Inner World Peace
2290,Pinkshift,Love Me Forever
2291,Arctic Monkeys,The Car
2292,The Orielles,Tableau
2293,Nick Campbell Destroys,Sunday
2294,Brutus,Unison Life
2295,Field Medic,grow your hair long if you're wanting to see something that you can change
2296,Palm,Nicks and Grazes
2297,Louis Cole,Quality Over Opinion
2298,Fazerdaze,Break!
2299,The Jack Moves,Cruiserweight
2300,Arjuna Oakes & Serebii,Final Days
2301,Nick Hakim,Cometa
2302,zzzahara,Liminal Spaces
2303,Sly5thAve & JSWISS,Somebody's Gotta Do It
2304,Blame My Youth,They Only Love You When You're Dead
2305,Waterflyy,Stand Tall
2306,Cmon Cmon,Belgium
2307,Jason Anderson,"Fredericton, New Brunswick"
2308,Dead Gowns,How
2309,Lucrecia Dalt,Ay!
2310,A.O. Gerber,Meet Me At The Gloaming
2311,Drugdealer,Hiding In Plain Sight
2312,Sofie Royer,Harlequin
2313,Rubblebucket,Earth Worship
2314,Shutups,I can't eat nearly as much as I want to vomit
2315,Garrett T. Capps & NASA Country,People Are Beautiful
2316,ribbon stage,Hit With The Most
2317,Melby,Looks Like A Map
2318,Julianna Rolino,All Blue
2319,Dazy,OUTOFBODY
2320,SOBS,Air Guitar
2321,Girlpuppy,When I'm Alone
2322,Alms,Did I Ask?
2323,Batooter,OYSTER
2324,babehoven,Light Moving Time
2325,scout gillett,no roof no floor
2326,Fauness,The Golden Ass
2327,No Signal,"""Embers"""
2328,Glorybots,"""Servile"
2329,Atta Boy,Crab Park
2330,La Femme,Teatro Lucido
2331,"Drugdealer, Kate Bollinger",Hiding in Plain Sight
2332,Daisy the Great,All You Need Is Time
2333,Swim Jeans,Swim Jeans
2334,easy life,MAYBE IN ANOTHER LIFE
2335,Field Guide,Field Guide
2336,Katie Lass,Hypnopomp
2337,Talkdemonic,Various Seasides
2338,The Brazen Youth,"Eagle, Idaho"
2339,Fantasy Camp,Casual Intimacy
2340,Big Joanie,Back Home
2341,Weyes Blood,"And in the Darkness, Hearts Glow"
2342,Nick Campbell Destroys,Art
2343,Detroit Rebellion,Fake News
2344,Bedouin Soundclash,We Will Meet in a Hurricane
2345,Melby,Looks Like a Map
2346,Bon Enfant,Diorama
2347,Cumulus,Something Brigther
2348,Aoife Nessa Frances,Protector
2349,Conner Cherland,Call Waiting
2350,Rayland Baxter,If I Were a Butterfly
2351,Olivia Barton,This is a Good Sign
2352,HATAALII,Land of Poor Chance
2353,HATAALII,President's Got Me All Night Long
2354,Katy Rea,The Urge that Saves You
2355,ghost orchard,rainbow music
2356,MorMor,Semblance
2357,Parkland,Parkland
2358,Hans Pucket,No Drama
2359,Turnover,Myself in the Way
2360,Smut,How the Light Felt
2361,Tasche and the Psychedelic Roses,tasche and the psychedelic roses
2362,Molly Burch,Molly Burch Xmas Album
2363,The Selfless Lovers,When The Bar Closes
2364,Oberon Rose,"Purple, Blue, & Crimson"
2365,DARKSOFT,Beigification
2366,Bicycle Inn,"Baldr the Beautiful is Dead, is Dead"
2367,Marcus Gad,"""Long Way Home"""
2368,Tenci,"A Swollen River, A Well Overflowing"
2369,Shame,Six-Pack (radio edit)
2370,Kate Bollinger,J'aime les filles
2371,DIE SPITZ,Teeth
2372,Fixtures,Hollywood Dog
2373,9TooDeep,The Shameless Posessive
2374,Brockhampton,TM
2375,Thee Sacred Souls,Love Is The Way
2376,Rozi Plain,Prize
2377,Arlo Parks,Weightless
2378,Billy Nomates,CACTI
2379,Crooks & Nannies,No Fun
2380,Little Simz,No Thank You
2381,Toro y Moi,Mahal
2382,River Sinclaire,Driving
2383,The Darling Fire,Distortions
2384,Fran ,Leaving
2385,CVC,Get Real
2386,WILSON/Jones,Through My Eyes
2387,Los B****os,Los Chrismos
2388,Bass Drum of Death,Say I Won't
2389,Bleach Burn,Silver Linings
2390,Leland Whitty,Anyhow
2391,Seun Kuti & Black Thought,African Dreams
2392,Jazz is Dead,Jazz is Dead 015
2393,Slowe,Tru Thoughts 2022
2394,Binary Sunset,Trans-en-Provence
2395,Acre Memos,A Collection of Bird Songs
2396,Montell Fish,Her Love Still Haunts Me Like a Ghost
2397,Electric Jane,Electrric Jane
2398,Uni and the Urchins,SIMULATOR
2399,Mary Middlefield,Thank You Alexander
2400,July Talk,Remember Never Before
2401,Dana Why,Kneel
2402,Dana Buoy,"Experiments in Plant Based Music, Vol. 1"
2403,John Moods,The Great Design
2404,Paul Spring,Thunderhead
2405,The Stacks,Lay Me Down To Rest
2406,Babitha,Brighter Side of Blue
2407,Daughter,Be On Your Way
2408,Bobbie Lovesong,On The Wind
2409,King Tuff,Smalltown Stardust
2410,Half Gringa,Ancestral Home
2411,Eagle Johnson,Wild Heart
2412,Jonah Yano,portait of a dog
2413,Anna Tivel,Outsiders
2414,Mirabelle,Flickering Lights
2415,The Arcs,Electrophonic Chronic
2416,San Tropez,Maybe Tomorrow
2417,Glosser,Downer
2418,The Moss,Insomnia
2419,Balk,Bulk
2420,The Love Buzz,Here Comes The Scum
2421,Lou Tides,Infinite Loop
2422,Crosslegged,Another Blue
2423,Bumpy,Morning Sun EP
2424,Young Fathers,Heavy Heavy
2425,Geoff Bradford,The Voyage Out
2426,State's UP,State's UP
2427,boygenius,20
2428,Yves Tumor,Echolalia
2429,Unknown Mortal Orchestra,Layla
2430,Kelela,Raven
2431,Andy Shauf,Norm
2432,bdrmm,It's Just a Bit of Blood
2433,Narrow Head,Moments of Clarity
2434,Jessica Winter,Limerence
2435,babyfang,In The Face Of
2436,Applesauce Tears,Artifacts
2437,Mynolia,All Things Heavy
2438,Somebody's Child,Somebody's Child
2439,Emelia Austin,From Another Sky
2440,These People,In Place of Time
2441,White Reaper,Asking For A Ride
2442,khai dreams,Absolute Heartbreak
2443,Amtrac,Extra Time
2444,"Amtrac, Samuel T. Herring",Extra Time
2445,Wednesday,"""Chosen to Deserve"""
2446,Wesley Joseph,GLOW
2447,Robert Glasper,Black Radio III
2448,NxWorries,Where I Go (single)
2449,Pink Fuzz,Vitals
2450,Paramore,This Is Why
2451,Parannoul,After the Magic
2452,Harry Cloud,The Cyst
2453,Geese,Cowboy Nudes
2454,Will Epstein,Wendy
2455,Rikas,Goodbye Sunshine
2456,Willie Stratton ,Drugstore Dreamin'
2457,Future Crisis Klub,Future Crisis Klub
2458,Yo La Tengo,This Stupid World
2459,Pile,All Fiction
2460,@,Mind Palace Music
2461,Afternoon Bike Ride,Glossover
2462,Five State Drive TX,Electronic Waste
2463,Keep,Happy in Here
2464,Pink Sky,Total Devotion
2465,Hey Hey My My,High_Life
2466,Quasi,Breaking the Balls of History
2467,Fascinations Grand Chorus,Terror in the Night
2468,Spitting Image,Full Sun
2469,Pearla,"Oh Glistening Onion, The Nighttime Is Coming"
2470,Wax Tailor,Fishing For Accidents
2471,Lowly,Keep Up The Good Work
2472,Spiral XP,It's Been a While
2473,Anna B Savage,inFLUX
2474,Ber,Halfway
2475,Madame Gandhi,Vibrations
2476,Model/Actriz,Dogsbody
2477,Runner,"Like Dying Stars, We're Reaching Out"
2478,Hifi Sean and David McAlmont,Happy Ending
2479,Dobbeltgjenger,The Twins
2480,Skull Practitioners,Negative Stars
2481,shame,Food For Worms
2482,Kate Fagan,I Don't Wanna Be Too Cool
2483,Lucero,Should've Learned By Now
2484,Gabrielle Shonk,Across the Room
2485,Tanukichan,Gizmo
2486,Mary Anne's Polar Rig,Makes You Wonder
2487,The Waeve,The Waeve
2488,Sun Room ,Outta Their Minds
2489,Isaac Waters,Extended Play 001
2490,Miss Grit,Follow the Cyborg
2491,Dougie Poole,The Rainbow Wheel of Death
2492,Whose Rules,Halser
2493,Donny Hart ,Pink Cloud
2494,Waldo Witt,"Long Daze, Dark Nights"
2495,LANNDS,Music for the Future
2496,Spaceport,Window Seat
2497,Ivy ,Apartment Life
2498,Bridal Party,Cool Down
2499,Bully ,"""Lose You (feat. Soccer Mommy)"""
2500,Grade 2,Grade 2
2501,Death Valley Girls,Islands in the Sky
2502,M.U.T.T.,Bad to the Bone
2503,Harbour,"To Chase My Dreams, Or to Just Lie Down"
2504,Vosh,Vessel
2505,Florian's Creek,Happy Music For Depressed People
2506,Adi Oasis,Lotus Glow
2507,Weval,Remember
2508,Tagua Tagua,Tanto
2509,D. Fagan,From The Plateau
2510,87 and the Toys,The Smile Room
2511,Dick Stusso,S.P.
2512,The Minks,Creatures of Culture
2513,Yves Tumor,"Praise a Lord Who Chews But Which Does Not Consume; (Or Simply, Hot Between Worlds)"
2514,Unknown Mortal Orchestra,V
2515,McKinley Dixon,Beloved! Paradise! Jazz!?
2516,Dazy,Otherbody
2517,deathcrash,Less
2518,"Black Country, New Road",Live at Bush Hall
2519,Carter Ace,The One And Lonely
2520,Bonnie Trash ,"Hail, Hale!"
2521,Cloudchord,Bloom Bap
2522,Deerhoof,Miracle-level
2523,Beatrice Melissa,Surprise
2524,Co-Ed Dorms,Enter The Dorms
2525,Yours Are the Only Ears,We Know The Sky
2526,Maraschino,Hollywood Piano
2527,Provide,For Me
2528,sam ray club,white knuckle
2529,sam ray club,chapstick
2530,sam ray club,murikami no bass
2531,De La Soul,3 Feet High and Rising
2532,Pearl & The Oysters,Read The Room
2533,Double Wish,Light Split Sparkle
2534,Monako,Scared Of The Way I Move
2535,Hello Mary,Hello Mary
2536,Waves Crashing,The Viewing
2537,Wednesday,Rat Saw God
2538,Kari Faux,Turnin' Heads
2539,B. Cool-Aid,Leather Blvd.
2540,M83,Fantasy
2541,Rahill,Fables
2542,Little Dragon,Slugs of Love
2543,Death and Vanilla,Flicker
2544,Juno Rucker,REDUX
2545,Juno Rucker,function
2546,Juno Rucker,Turkish Jade
2547,Fox Apts,Omen
2548,PACKS,Crispy Crunchy Nothing
2549,Private Function,370HSSV 0773H
2550,Softcult,See You In The Dark
2551,Louis VI,Earthling
2552,Barrie,5K
2553,Caroline Rose,The Art of Forgetting
2554,Raue,KARMA!!
2555,Brooks Nielsen,One Match Left
2556,Yaya Bey,Exodus the North Star
2557,Phoneboy,Moving Out
2558,redveil,black enuff
2559,Hayden,Are We Good
2560,Mediocre,To Know You're Screwed
2561,Shalom,Sublimination
2562,Doom Flower,Limestone Ritual
2563,Dijon,coogie
2564,Love Moor,Love
2565,Whoop,Just What?
2566,Kate Davis,Fish Bowl
2567,Fox Teeth,Through the Blue
2568,A Certain Radio,1982
2569,Scott McMicken and THE EVER-EXPANDING,Shabang
2570,Kara Jackson,Why Does The Earth Give Us People To Love?
2571,Winona Forever,Acrobat
2572,Poison Ruin,Harvest
2573,Felt Out ,Until I'm Light
2574,Billie Marten,Drop Cherries
2575,Sadie,Tides
2576,charlie,Precious Metal
2577,Glorybots,Radiation Skies
2578,Toy City,"""Do Re Mi"""
2579,The Tallest Man On Earth,Henry St.
2580,Babygirl,Be Still My Heart
2581,Roe Kapara,I Hope Hell Isn't Real
2582,El Valerie,Pan-American
2583,Life Size Models,Seasons EP
2584,Superviolet,Infinite Spring
2585,Isaiah Rashad,The Sun's Tirade
2586,Noa Deemer,The Sleepwalker
2587,Elijah Kessler,LIGHTSPEED
2588,Hippie Hourrah,Exposition individuelle
2589,"Unlearn, MP Shaw",Secret Listener
2590,Cold Expectations,Static Reactions
2591,Novelty Island,Wallsend Weekend Television
2592,Secret Machines,"The Moth, The Lizard and The Secret Machine"
2593,Blue of Colors,Long Time Coming
2594,Western Haunts,The Bottle
2595,Ins Kino,Ins Kino 2
2596,Zulu,A New Tomorrow
2597,foil,On The Wing
2598,strongboi,strongboi
2599,Robbie & Mona,Tusky
2600,Joe Powers,Power Move
2601,Meltt,Another Quiet Sunday
2602,Genevieve Artadi,Forever Forever
2603,Django Django,Off Planet Part 3
2604,Mo Lowda & the Humble,Mo Lowda & the Humble
2605,Los Bitchos,Pah!
2606,CATT,Change
2607,mehro,Dark Corners and Alchemy
2608,The New Pornographers,Continue As A Guest
2609,Royel Otis,Sofa Kings
2610,The Khost,Isolation/Death/Adventure/Love
2611,Super Plage,Magie A Minuit
2612,Cardboard People,Cardboard People
2613,Altin Gun,Ask
2614,ELOUR,Blood Running
2615,Worriers,Warm Blanket
2616,Lucy Kruger & The Lost Boys,Heaving
2617,Aurora Dee Raynes,Ribbon of Hot Plasma
2618,Eaves Wilder,Hookey
2619,Private Wives ,Bad Taste
2620,Alice Pheobe Lou,Open My Door
2621,Lovetempo ,Lovetempo
2622,Cienfue ,Seven Cities of Gold
2623,Westerman ,An Inbuilt Fault
2624,Summer Salt,Campanita
2625,Idiot Mambo,Flamingo In Limbo
2626,Vanity Mirror,PUFF
2627,Esther Rose,Safe to Run
2628,Eddie Chacon,Sundown
2629,Nick Waterhouse,The Fooler
2630,Teleman,Good Time / Hard Time
2631,Lonnie Liston Smith,Lonnie Liston Smith JID017
2632,Pearl & The Oysters,Coast 2 Coast
2633,Rodrigo y Gabriela,In Between Thoughts... A New World
2634,Indigo De Souza,All of This Will End
2635,Scowl,Psychic Dance Routine
2636,Emily King,Special Occasion
2637,Chinos,TRY ON
2638,Bestfriend,places i've left
2639,Dave Okumu & The 7 Generations,I Came From Love
2640,Fenne Lily,Big Picture
2641,Middle Part,Time Is Elastic
2642,Genevieve Stokes,Catching Rabbits
2643,Temples,Exotico
2644,Bees in a Bottle,The Sun Left And Took The Moon With It
2645,Toy City,Toy City
2646,Glorybots,Raditation Skies
2647,Geoff Westen,Random Acts of Music
2648,M.D. Pallavi & Andi Otto,Songs For Broken Ships
2649,Chenayder,Blue Oblivion
2650,Double Grave,Till the Ground
2651,DEBBY FRIDAY,GOOD LUCK
2652,Mudhoney,Plastic Eternity
2653,Frankie Cosmos,Clean Weird Prone (Inner World Peace Deluxe)
2654,La Faute ,Blue Girl Nice Day
2655,Zoe Sky Jordan ,Selfish
2656,Cloth ,Secret Measure
2657,Nick & June ,"Beach Baby, Baby "
2658,La Priest ,Fase Luna
2659,Yves Labordus ,Falling For U
2660,Alien Eyelid ,Bronze Star
2661,Sir Chloe ,I Am The Dog
2662,Girl Ray,Up
2663,Kuna Maze,Night Shift
2664,ford.,In Motion
2665,RVG,Brain Worms
2666,Bully ,Lucky For You
2667,Faye Webster,But Not Kiss
2668,Cut Worms,Ballad of the Texas King
2669,Durand Jones,Wait Til I Get Over
2670,Baby Rose,Through and Through
2671,Snoh Alegra,DO 4 LOVE (Black Coffee Remix)
2672,"quickly, quickly",Easy Listening
2673,Mystic Marley,Energy
2674,Girlhouse,the fourth EP
2675,Angel Olson,Forever Means
2676,Nabihah Iqbal,DREAMER
2677,Y La Bamba,Lucha
2678,Slowdive,kisses
2679,Hannah Jadagu,Aperture
2680,Benny Sings,Young Hearts
2681,SBTRKT,THE RAT ROAD
2682,Surprise Chef,Friendship EP
2683,Philippe B,Nouvelle administration
2684,Linus,You've Already Won
2685,Dan San,Grand Salon
2686,Nuclear Tourism,Nuclear Tourism
2687,Mckinley Dixon,Beloved! Paradise! Jazz!?
2688,Helen Kelter Skelter,Chroma Crawl
2689,Purr,Who Is Afraid of Blue?
2690,The Aquadolls,Charmed
2691,"Louise Post, Veruca Salt",Sleepwalker
2692,CHAMPS,Ride The Morning Glass
2693,FEA,Take Cover
2694,Neggy Gemmy,CBD Reiki Moonbeam
2695,Panchiko,Failed at Math(s)
2696,Becca Mancari,Over and Over
2697,Patio,En Plein Air
2698,Annie Taylor,Inner Smile
2699,FRANKIIE,Between Dreams
2700,Braxton Cook,Who Are You When No One is Watching?
2701,Rory McBride,Sonic Lullaby
2702,Half Moon Run,Salt
2703,Dreamer Isioma,Princess Forever
2704,gal pal,This And Other Gestures
2705,Generationals,Heatherhead
2706,Vulture Feather,Liminal Fields
2707,Miranda & The Beat,Miranda & The Beat
2708,"Nur-D, Robin Gilligan",CRUSH
2709,Begonia,Powder Blue
2710,Softee,Natural
2711,79.5,79.5
2712,Demob Happy,Divine Machines
2713,Milky Chance,Living In A Haze
2714,Rahill,Flowers At Your Feet
2715,Beach Fossils,Bunny
2716,Iguana Death Cult,Echo Palace
2717,Lande Hekt,Pottery Class
2718,Sirens of Lesbos,Run Run Run
2719,Immy Owusu,The World Is Here For You
2720,The Last Dinner Party,Nothing Matters
2721,Baxter Dury,I Thought I Was Better Than You
2722,The Brook & The Bluff,Long Limbs
2723,Innerlove.,Roscoe
2724,Babe Rainbow,Fresh As A Head Of Lettuce
2725,Angelo de Augustine,Toil and Trouble
2726,Pardoner,Peace Loving People
2727,Jacuzzi Boys,Glue EP
2728,binki,Antennae
2729,Suzie True,Sentimental Scum
2730,Velvet Vision,Together
2731,Pony Girl,Laff It Off
2732,Erik Garcia ,Interstellar Ascension
2733,Dom La Nena ,Leon
2734,Austin Brookner ,Ghost Tongue
2735,Arythmers,Thinking Of Her
2736,"Ben Harper, Jack Johnson",Wide Open Light
2737,Mouraine ,In Search of Gold
2738,Secret Night Gang,Don't Know What Tomorrow Brings
2739,Django Django,Off Planet
2740,Dream Wife,Social Lubrication
2741,King Krule,Space Heavy
2742,Dominic FIke,Sunburn
2743,Dominic Fike,Sunburn
2744,May Rio,French Bath
2745,feeble little horse,Girl with Fish
2746,Sweeping Promises,Good Living Is Coming For You
2747,12 RODS,If We Stayed Alive
2748,U.S. Highball,"No Thievery, Just Cool"
2749,Chitra,In My Opinion
2750,Teen Idle,Birthday Cake
2751,Haley Blais,Baby Teeth
2752,Meernaa,As Many Birds Flying
2753,GROUPLOVE,I Want It All Right Now
2754,The Japanese House,In The End It Always Does
2755,tofusmell,Humor
2756,Lija Fonner,Small Talk
2757,The Jins,It's A Life
2758,Do Nothing,Snake Sideways
2759,The Maggie Pills,Hope Is A Risk
2760,Lil Uzi Vert,Pink Tape
2761,Miya Folick ,ROACH
2762,Lumari ,En Phases
2763,Beck & Phoenix,Odyssey
2764,The Rupert Selection ,Taking Turns
2765,Joanna Sternberg ,I've Got Me
2766,Home Is Where ,The Whaler
2767,Jack River ,Endless Summer
2768,Memory Of Jane ,In The Double
2769,The Midnight Callers ,Rattled Humming Heart
2770,Kibi James,fuerza
2771,THALA,In Theory Depression
2772,Arts Fishing Club,Rothko Sky
2773,Goshi,Cho Fast
2774,TEKE::TEKE,Hagata
2775,Ekiti Sound,Drum Money
2776,King Isis,Scales
2777,Chester Watson,fish don't climb trees
2778,Dan Horne,Count the Clouds
2779,Nate Brazier,Episode
2780,FIEH,Supergud
2781,My Name Is Ian,Underachiever of The Year
2782,The Blaze,Jungle
2783,Orions Belte,Lucid Dreaming
2784,"Quantic, Andreya Triana ",Run
2785,Grrrl Gang ,Rude Awakening
2786,MUNYA ,Hello Hi
2787,Georgia Gets By ,Easier to Run
2788,Daisy The Great ,Looking U Up
2789,A Beacon School ,Potion
2790,LP,One Like You
2791,Lewis OfMan,Highway
2792,Asher White,New Excellent Woman
2793,Pride Month Barbie,Withheld
2794,Mainland Break,One Way Ticket to Midnight
2795,Lifeguard,Crowd Can Talk
2796,NOBRO,LALA
2797,Sam Burton,Dear Departed
2798,Jamila Woods,Tiny Garden
2799,Maple Glider,Dinah
2800,Lead Pony,Vultures
2801,Militarie Gun,Life Under The Gun
2802,The Sextones,Beck & Call
2803,Snooper,Super Snooper
2804,Elephant Path,Expectations
2805,Night Beats,Rajan
2806,Protomartyr,Formal Growth in The Desert
2807,Anna St. Louis,In The Air
2808,Being Dead,When Horses Would Run
2809,Temple of Angels,Endless Pursuit
2810,Far Caspian,The Last Remaining Light
2811,Fit of Body,Far From The Rhythm
2812,Scrunchie,Scrunched
2813,Pickle Darling,Laundromat
2814,Zack Bia,Learn to Fly
2815,Voice of Baceprot,Retas
2816,Benet,"""Insensitive"""
2817,Arlo Parks,My Soft Machine
2818,MELONYX,Soul Glow
2819,Jalen Ngonda,Come Around and Love Me
2820,Elmiene,Mad at Fire
2821,Yeek,ETA2
2822,Velvet Vaughan,Magic Baby
2823,Alice Phoebe Lou,Shelter
2824,Pachyman,Trago Coqueto
2825,Cornelius ,Dream in Dream
2826,Amaara ,Child of Venus
2827,Karma Glider ,Future Fiction
2828,Linda From Work ,The Night Is Short
2829,Plum Vision ,Roll The Dice
2830,Ladytron ,Destroy Everything You Touch
2831,Katy J Pearson ,Willow's Song
2832,Crystal Fighters ,Manifest
2833,Cindy Wilson,Wait
2834,George Clanton,Ooh Rap I Ya
2835,Strange Ranger,Pure Music
2836,Allegra Krieger,I Keep My Feet On The Fragile Plane
2837,Charm School,Finite Jest
2838,Church Party,Cut The Colours
2839,New Math,Die Trying & Other Hot Sounds (1979-1983)
2840,Cyclone Static,Cave Pop
2841,Wallice,Mr Big Shot
2842,Poppy,Knockoff
2843,SIPHO.,SOBER
2844,Sea Lemon,Vaporized
2845,Mutual Benefit,Little Ways
2846,The Budos Band,Frontier's Edge
2847,Frankie and the Witch Fingers,Futurephobic
2848,Soft Science,Sadness
2849,Francis of Delirium,Real Love
2850,Wye Oak,Every Day Like The Last
2851,John Carroll Kirby,Blowout
2852,Black Milk,Everything Good?
2853,Be Your Own Pet,Big Trouble
2854,beabadoobee,the way things go
2855,The Vaughns,Turn Around
2856,Local Natives,Time Will Wait For No One
2857,Vanishing Twin,Afternoon X
2858,DAIISTAR,Tracemaker
2859,Mother Tongues ,Love In a Vicious Way
2860,KRAAK & SMAAK AND TURBOTITO,My All
2861,Jayda G,Guy
2862,Never Knows Best ,I Guess
2863,Declan Mckenna ,Sympathy
2864,We Is Shore Dedicated ,Missing Marks Amazing Dans
2865,Wallice ,Mr Big Shot
2866,Izo Fitzroy ,Body Of MIne
2867,Butcher Brown,This Side of Sunshine
2868,Christine and The Queens,"Paranoia, Angels, True Love"
2869,Captain Planet,Sounds Like Home
2870,Grian Chatten,Chaos For The Fly
2871,Meghan Dowlen,Wild Abandon
2872,Pearl Earl,It's Dread
2873,shy kids,house cats
2874,Guided By Voices,Welshpool Frillies
2875,Silver Hour,"""Desert Doomer"""
2876,The Drain Outs,"""Sometimes Fun"""
2877,Pynch ,Howling At A Concrete Moon
2878,Metric ,Just The Once
2879,Wren Hinds ,Dont Die In The Bundu
2880,Rose Of The West ,Come and Find Me
2881,La Fonda ,We Are Infinite
2882,Cigarettes For Breakfast ,Join The Circus